band,mjd,survey_id,ra,dec,oid,measurement_id,parentDiaSourceId,diaObjectId,psfFlux,psfFluxErr,psfFlux_flag,psfFlux_flag_edge,psfFlux_flag_noGoodPixels,scienceFlux,scienceFluxErr,has_stamp,visit,detector,ssObjectId,raErr,decErr,ra_dec_Cov,x,xErr,y,yErr,centroid_flag,apFlux,apFluxErr,apFlux_flag,apFlux_flag_apertureTruncated,isNegative,snr,psfLnL,psfChi2,psfNdata,trailFlux,trailFluxErr,trailRa,trailRaErr,trailDec,trailDecErr,trailLength,trailLengthErr,trailAngle,trailAngleErr,trailChi2,trailNdata,trail_flag_edge,dipoleMeanFlux,dipoleMeanFluxErr,dipoleFluxDiff,dipoleFluxDiffErr,dipoleLength,dipoleAngle,dipoleChi2,dipoleNdata,forced_PsfFlux_flag,forced_PsfFlux_flag_edge,forced_PsfFlux_flag_noGoodPixels,templateFlux,templateFluxErr,ixx,iyy,ixy,ixxPSF,iyyPSF,ixyPSF,shape_flag,shape_flag_no_pixels,shape_flag_not_contained,shape_flag_parent_source,extendedness,reliability,isDipole,dipoleFitAttempted,timeProcessedMjdTai,timeWithdrawnMjdTai,bboxSize,pixelFlags,pixelFlags_bad,pixelFlags_cr,pixelFlags_crCenter,pixelFlags_edge,pixelFlags_nodata,pixelFlags_nodataCenter,pixelFlags_interpolated,pixelFlags_interpolatedCenter,pixelFlags_offimage,pixelFlags_saturated,pixelFlags_saturatedCenter,pixelFlags_suspect,pixelFlags_suspectCenter,pixelFlags_streak,pixelFlags_streakCenter,pixelFlags_injected,pixelFlags_injectedCenter,pixelFlags_injected_template,pixelFlags_injected_templateCenter,glint_trail,band_name
3,61090.04758412875,lsst,63.86906733616657,-46.58982588482504,170028485725126711,170028485725126711,0,170028485725126711,17539.299,565.6415,0,0,0,374527.66,566.6482,True,2026021800056,171,0.0,5.852881e-06,5.4484062e-06,-7.292322e-13,2901.9204,0.10552958,1817.4517,0.097976856,False,13227.168,944.6878,False,False,False,30.676899,,1797.9585,1681,16194.425,15.311385,63.86906261543153,,-46.5898280347906,,0.56413853,,-36.30807,,,0,False,,,,,,,,0,False,False,False,356613.62,44.077583,0.14469095,0.1446455,0.014019329,0.2144213,0.20049925,-0.0006089039,False,False,False,False,0.37848783,0.48012885,False,False,61090.04929805519,,24,False,False,False,False,False,False,False,False,False,False,False,False,False,False,False,False,False,False,False,False,False,i
3,61090.04845547461,lsst,63.869091475482556,-46.589817011225485,170028485725126711,170028485989892146,0,170028485725126711,17542.53,579.36066,0,0,0,387722.44,579.2076,True,2026021800058,164,0.0,5.912429e-06,6.22307e-06,1.7096414e-13,3190.2568,0.10643394,1443.1089,0.11214606,False,11820.346,951.5558,False,False,False,30.424545,,1813.5706,1681,16480.44,18.239632,63.86908502146152,,-46.58981642254069,,0.7488612,,-145.75977,,,0,False,,,,,,,,0,False,False,False,369844.12,36.83479,0.14609812,0.16958646,-0.022724971,0.22407949,0.22381136,-0.008174687,False,False,False,False,0.38640594,0.4717424,False,False,61090.05001044569,,29,False,False,False,False,False,False,False,False,False,False,False,False,False,False,False,False,False,False,False,False,False,i
3,61090.053544324786,lsst,63.86905928808259,-46.58981697472632,170028485725126711,170028486258851914,0,170028485725126711,15942.763,584.5734,0,0,0,381128.34,586.4946,True,2026021800060,165,0.0,6.772804e-06,5.8258192e-06,6.345514e-13,3040.4602,0.12208977,1925.2399,0.10502433,False,10160.003,964.4863,False,False,False,27.031803,,1719.7472,1681,15198.961,6.956365,63.86905648219364,,-46.5898175457131,,0.8193697,,-121.4553,,,0,False,,,,,,,,0,False,False,False,364920.9,49.469856,0.16058981,0.12555721,-0.026239807,0.22642109,0.20425338,-0.014477409,False,False,False,False,0.4556473,0.4660447,False,False,61090.055322491346,,24,False,False,False,False,False,False,False,False,False,False,False,False,False,False,False,False,False,False,False,False,False,i
3,61090.05440873108,lsst,63.86900656067984,-46.589766729327,170028485725126711,170028486506315872,0,170028485725126711,15594.721,616.20184,0,0,0,433810.84,619.3883,True,2026021800062,125,0.0,2.1315886e-06,2.0473678e-06,4.944804e-14,4035.7827,0.03843519,3475.729,0.036864027,False,15922.527,959.20154,False,False,False,29.117544,,2034.5547,1681,16968.502,2.2748015,63.86903146383527,,-46.589864476278855,,0.61210763,,-121.32071,,,0,False,272525.12,2099.621,0.0,4199.242,0.05106714,170.10425,40100.668,3108,False,False,False,417795.7,29.512197,0.21715695,0.19405968,-0.011568729,0.2793532,0.26786616,-0.0024123674,False,False,False,False,0.34518877,0.45815468,True,True,61090.05639183194,,41,False,False,False,False,False,False,False,False,False,False,False,False,False,False,False,False,False,False,False,False,False,i
3,61090.055275032704,lsst,63.86901575886651,-46.589817847594254,170028485725126711,170028486794149964,0,170028485725126711,13716.34,591.7102,0,0,0,400593.38,593.0628,True,2026021800064,162,0.0,1.9445433e-06,2.0202413e-06,-9.7590305e-14,1932.8043,0.03490252,2380.9192,0.03654612,False,10450.757,955.1052,False,False,False,25.898191,,1848.4359,1681,13898.228,2.7748902,63.86911495226663,,-46.58980337674566,,0.4208094,,-35.441788,,,0,False,245234.86,1828.9982,0.0,3657.9963,0.018160962,76.128586,35491.15,2250,False,False,False,386612.84,39.05308,0.19311434,0.20471336,0.0048265792,0.23767835,0.23838644,-0.002139023,False,False,False,False,0.14880571,0.47216213,True,True,61090.05725317245,,31,False,False,False,False,False,False,False,False,False,False,False,False,False,False,False,False,False,False,False,False,False,i
3,61090.056141041365,lsst,63.869034282583065,-46.58984118246731,170028485725126711,170028487046332434,0,170028485725126711,20240.637,589.9575,0,0,0,400666.8,588.09357,True,2026021800066,131,0.0,5.843411e-06,5.6560425e-06,9.378817e-13,3910.834,0.10568489,592.8434,0.10124548,False,16745.762,950.32587,False,False,False,34.11913,,1656.3878,1681,18530.463,6.082393,63.86903349457208,,-46.589840139939405,,0.26738086,,-69.79052,,,0,False,,,,,,,,0,False,False,False,379975.3,35.87387,0.17953452,0.17868513,0.0029786704,0.23821579,0.22538437,0.00280752,False,False,False,False,0.25867307,0.48454747,False,False,61090.05814898918,,27,False,False,False,False,False,False,False,False,False,False,False,False,False,False,False,False,False,False,False,False,False,i
3,61090.057011163546,lsst,63.869034650084934,-46.58982641890299,170028485725126711,170028487314243668,0,170028485725126711,18248.99,569.6763,0,0,0,379588.3,569.3978,True,2026021800068,130,0.0,5.762596e-06,5.4336742e-06,2.511722e-12,2184.5115,0.10571191,2677.47,0.09569968,False,14672.312,939.38257,False,False,False,31.537548,,1859.5273,1681,17295.207,7.160274,63.869035359356396,,-46.58982785683525,,0.8199587,,-81.93303,,,0,False,,,,,,,,0,False,False,False,361081.7,46.861134,0.16542733,0.14433075,0.029473986,0.21662526,0.2041812,0.003807498,False,False,False,False,0.306819,0.48479816,False,False,61090.05890111512,,24,False,False,False,False,False,False,False,False,False,False,False,False,False,False,False,False,False,False,False,False,False,i
3,61090.05788777735,lsst,63.86902102037176,-46.589855564149,170028485725126711,170028487577960530,0,170028485725126711,16626.395,595.41144,0,0,0,392565.5,595.49316,True,2026021800070,121,0.0,6.7566452e-06,6.5141644e-06,3.558835e-12,315.04364,0.124909565,2659.7808,0.11414902,False,10686.846,962.2838,False,False,False,27.766678,,1834.136,1681,15211.904,21.767141,63.86902239591393,,-46.589852212515105,,0.45200637,,-160.5386,,,0,False,,,,,,,,0,False,False,False,375761.34,43.686935,0.16428767,0.15954204,-0.008461198,0.23945712,0.22148554,-0.0077072955,False,False,False,False,0.40035626,0.47852296,False,False,61090.05972691628,,26,False,False,False,False,False,False,False,False,False,False,False,False,False,False,False,False,False,False,False,False,False,i
3,61090.05877432537,lsst,63.86907917540266,-46.5898226030642,170028485725126711,170028487851114537,0,170028485725126711,17876.701,563.5372,0,0,0,375791.22,563.7591,True,2026021800072,130,0.0,5.8917103e-06,5.832711e-06,8.8186495e-13,2533.8325,0.10697122,1147.4604,0.10406663,False,13953.891,938.06854,False,False,False,31.55924,,1737.3169,1681,16546.703,12.48109,63.869074593723475,,-46.58982268579568,,0.44641823,,-40.363705,,,0,False,,,,,,,,0,False,False,False,357529.4,47.25045,0.14907444,0.16592373,0.0015848931,0.22229606,0.20471972,0.0040028454,False,False,False,False,0.30744645,0.48115847,False,False,61090.06055321405,,27,False,False,False,False,False,False,False,False,False,False,False,False,False,False,False,False,False,False,False,False,False,i
3,61090.05963904271,lsst,63.86908204857884,-46.58983395742407,170028485725126711,170028488119025674,0,170028485725126711,15783.023,624.0302,0,0,0,448123.8,626.4821,True,2026021800074,129,0.0,1.1109673e-05,1.0466202e-05,5.1289677e-11,2021.7043,0.23358256,357.83432,0.1448482,False,17841.412,952.6715,False,False,False,24.736174,,1794.7616,1681,16840.377,14.937982,63.86908398822659,,-46.589830245742796,,1.6798489,,-136.58264,,,0,False,,,,,,,,0,False,False,False,431419.2,34.705467,0.51462585,0.23353858,-0.026829462,0.31741038,0.25726604,0.01264431,False,False,False,False,0.48062763,0.47415844,False,False,61090.06203246866,,36,False,False,False,False,False,False,False,False,False,False,False,False,False,False,False,False,False,False,False,False,False,i
3,61090.06050214457,lsst,63.869044297651826,-46.589812998805485,170028485725126711,170028488361246780,0,170028485725126711,16382.233,600.558,0,0,0,414381.47,603.7249,True,2026021800076,79,0.0,7.4554578e-06,7.5214384e-06,7.2664153e-12,750.56824,0.14355178,2322.7432,0.1257929,False,13332.795,950.6814,False,False,False,26.968565,,1697.9006,1681,15580.699,8.51066,63.869041374081185,,-46.58981372455688,,0.8101292,,-120.405716,,,0,False,,,,,,,,0,False,False,False,397648.84,31.049932,0.22077516,0.17097765,0.016338162,0.25467506,0.24704237,0.010154719,False,False,False,False,0.26064742,0.47576237,False,False,61090.0623696839,,26,False,False,False,False,False,False,False,False,False,False,False,False,False,False,False,False,False,False,False,False,False,i
1,61090.06278723694,lsst,63.86902146239026,-46.589873979185,170028485725126711,170028488629682272,0,170028485725126711,6450.4434,378.78806,0,0,0,171920.84,352.23563,True,2026021800078,79,0.0,1.358782e-05,1.3327662e-05,-2.947748e-11,618.9619,0.22182417,3733.2043,0.2613598,False,6631.247,551.17065,False,False,False,16.847775,,1582.2471,1681,6887.727,19.861362,63.86901130140333,,-46.589874533299465,,1.7275176,,-82.70477,,,0,False,,,,,,,,0,False,False,False,165310.47,51.97867,0.25799096,0.37246042,0.14886011,0.2880619,0.28754628,0.028438767,False,False,False,False,0.06331866,0.4716571,False,False,61090.06469711743,,34,False,False,False,False,False,False,False,False,False,False,False,False,False,False,False,False,False,False,False,False,False,g
1,61090.06365714316,lsst,63.86903966218521,-46.58987629658904,170028485725126711,170028488922759181,0,170028485725126711,8581.901,362.82233,0,0,0,175907.0,334.25784,True,2026021800080,126,0.0,9.334675e-06,9.229127e-06,-2.8710857e-12,4036.5034,0.16406025,897.4091,0.16989695,False,6693.1357,523.8822,False,False,False,23.543768,,1751.7166,1681,7894.732,3.7713904,63.86904096441296,,-46.58987344751383,,0.44102964,,-71.45217,,,0,False,,,,,,,,0,False,False,False,167293.48,45.15992,0.2449861,0.25853842,0.0047290386,0.30780676,0.29960853,0.015529914,False,False,False,False,0.19902351,0.47570303,False,False,61090.065471805196,,33,False,False,False,False,False,False,False,False,False,False,False,False,False,False,False,False,False,False,False,False,False,g
1,61090.06538340981,lsst,63.86904734567535,-46.58979342082176,170028485725126711,170028489434988581,0,170028485725126711,7640.004,410.48996,0,0,0,203804.9,383.7272,True,2026021800084,79,0.0,1.47949295e-05,1.3674023e-05,-1.7059274e-11,3524.4055,0.24144433,1437.6263,0.27073422,False,7959.6,557.1703,False,False,False,18.384184,,1751.9105,1681,7377.263,4.3650284,63.86905034343757,,-46.589795688645175,,1.0125403,,122.660255,,,0,False,,,,,,,,0,False,False,False,195904.33,32.85542,0.2824776,0.37037846,-0.014463297,0.3815696,0.38675332,0.025222464,False,False,False,False,0.1951412,0.4692479,False,False,61090.06729974038,,51,False,False,False,False,False,False,False,False,False,False,False,False,False,False,False,False,False,False,False,False,False,g
1,61090.06733600151,lsst,63.86909358778154,-46.589809825155825,170028485725126711,170028490000171072,0,170028485725126711,8858.93,352.9483,0,0,0,162735.66,323.48392,True,2026021800088,133,0.0,9.484015e-06,7.972806e-06,9.262808e-12,650.54083,0.1734648,1815.3217,0.14020583,False,8078.949,531.40405,False,False,False,25.177008,,1680.1677,1681,8538.835,7.905267,63.86909529665624,,-46.58981016732308,,0.9301915,,-80.48075,,,0,False,,,,,,,,0,False,False,False,153651.36,55.7865,0.2427616,0.19632228,0.032409504,0.27578038,0.23521583,0.007805139,False,False,False,False,0.11885688,0.477054,False,False,61090.069242624086,,28,False,False,False,False,False,False,False,False,False,False,False,False,False,False,False,False,False,False,False,False,False,g
1,61090.06993013503,lsst,63.86899811087514,-46.58982134554314,170028485725126711,170028490799186034,0,170028485725126711,8378.027,365.01422,0,0,0,170132.1,337.27164,True,2026021800094,121,0.0,1.6949956e-06,1.68453e-06,4.005163e-14,3936.186,0.030681254,3543.1028,0.030196736,False,7190.658,533.1661,False,False,False,26.912174,,2041.6844,1681,9308.192,2.7822568,63.86913203549443,,-46.58983472906711,,0.86478233,,156.8089,,,0,False,110879.875,657.1084,0.0,1314.2168,0.033398252,93.61229,4016.403,2790,False,False,False,161703.69,59.56832,0.20655943,0.26744,-0.014606517,0.2894654,0.2615328,0.004601956,False,False,False,False,0.12603362,0.4690037,True,True,61090.071903450415,,31,False,False,False,False,False,False,False,False,False,False,False,False,False,False,False,False,False,False,False,False,False,g
1,61090.07079637313,lsst,63.868981757966175,-46.5898284342156,170028485725126711,170028491071291460,0,170028485725126711,6918.7065,356.1556,0,0,0,167155.56,325.7725,True,2026021800096,128,0.0,1.1474664e-05,1.1283103e-05,1.5957628e-11,361.12366,0.21704927,1814.2499,0.19153862,False,8378.892,529.1802,False,False,False,19.03633,,1819.8944,1681,6965.7896,2.2690108,63.868976032986126,,-46.58982848555355,,1.2851015,,-96.57924,,,0,False,,,,,,,,0,False,False,False,159995.97,55.43998,0.27515253,0.21706499,0.07655421,0.27279434,0.25604436,0.018199084,False,False,False,False,0.031161586,0.4731372,False,False,61090.07313333239,,36,False,False,False,False,False,False,False,False,False,False,False,False,False,False,False,False,False,False,False,False,False,g
1,61090.07166561748,lsst,63.86902462641189,-46.589831150815215,170028485725126711,170028491338678329,0,170028485725126711,8683.034,344.79364,0,0,0,158306.75,317.98718,True,2026021800098,126,0.0,8.679749e-06,8.854271e-06,1.7840633e-11,2489.0437,0.17522494,1673.5005,0.13815768,False,8856.379,523.8988,False,False,False,24.967812,,1691.9849,1681,8532.351,5.98721,63.869022421135355,,-46.58982873451208,,1.068685,,-148.39331,,,0,False,,,,,,,,0,False,False,False,149306.78,69.40649,0.27688593,0.17627668,-0.020077752,0.24992913,0.22407204,0.025733942,False,False,False,False,0.011380922,0.47677776,False,False,61090.07346151199,,30,False,False,False,False,False,False,False,False,False,False,False,False,False,False,False,False,False,False,False,False,False,g
1,61090.07253063692,lsst,63.86915698754755,-46.58979007581501,170028485725126711,170028491581947927,0,170028485725126711,7772.228,388.04263,0,0,0,178391.86,362.8004,True,2026021800100,78,0.0,1.2730274e-05,1.3211716e-05,1.9621456e-11,1547.0186,0.24791685,747.3928,0.21881379,False,6723.2417,564.8428,False,False,False,20.192717,,1748.0399,1681,7663.233,12.903665,63.86915052898061,,-46.58978898423101,,1.1187375,,-176.20525,,,0,False,,,,,,,,0,False,False,False,170410.56,39.57528,0.33118036,0.28128505,-0.052237686,0.3441646,0.32285982,0.007355555,False,False,False,False,0.05437896,0.47165188,False,False,61090.07444264328,,35,False,False,False,False,False,False,False,False,False,False,False,False,False,False,False,False,False,False,False,False,False,g
1,61090.073675724285,lsst,63.869065359209316,-46.589831038704624,170028485725126711,170028491883937863,0,170028485725126711,8449.788,339.94763,0,0,0,156003.55,312.59637,True,2026021800102,142,0.0,9.502348e-06,7.5938456e-06,-1.0774829e-11,3779.9365,0.17395909,1995.2869,0.13279119,False,7638.7705,521.84753,False,False,False,24.666214,,1741.1251,1681,8150.043,3.436257,63.86906550589272,,-46.589831467556486,,0.94406205,,-70.85923,,,0,False,,,,,,,,0,False,False,False,147277.42,63.736702,0.24388605,0.16104902,0.0034767706,0.2582807,0.21981938,-0.01234225,False,False,False,False,0.13051441,0.47725967,False,False,61090.07540529388,,26,False,False,False,False,False,False,False,False,False,False,False,False,False,False,False,False,False,False,False,False,False,g
1,61090.07454199989,lsst,63.8690502947047,-46.58984417128385,170028485725126711,170028492168101915,0,170028485725126711,7054.5396,381.22855,0,0,0,180894.45,355.07547,True,2026021800104,172,0.0,1.3953895e-05,1.1132075e-05,-1.37834145e-11,218.5086,0.2527026,946.62366,0.19835876,False,6074.1035,546.67377,False,False,False,18.32049,,1806.225,1681,7048.719,6.039004,63.86904388222533,,-46.58984332518073,,1.2384708,,-89.02061,,,0,False,,,,,,,,0,False,False,False,173877.19,41.952724,0.3452511,0.20606503,-0.024425125,0.33312598,0.28884748,-0.004492832,False,False,False,False,0.09545745,0.4717913,False,False,61090.07645173963,,33,False,False,False,False,False,False,False,False,False,False,False,False,False,False,False,False,False,False,False,False,False,g
1,61090.07540713674,lsst,63.86899454537697,-46.58981745668805,170028485725126711,170028492433391623,0,170028485725126711,8884.564,366.429,0,0,0,167652.81,339.91782,True,2026021800106,166,0.0,1.9627148e-06,1.7351753e-06,-7.190916e-14,1751.0879,0.035363935,314.28812,0.031242078,False,6058.859,543.1356,False,False,False,27.144087,,2002.4835,1681,9289.445,1.6381098,63.86910944500733,,-46.58979350731067,,0.4497478,,-68.77683,,,0,False,104697.88,678.1713,0.0,1356.3427,0.03289052,75.9612,4334.469,2325,False,False,False,158830.6,48.55468,0.22755301,0.21312971,0.004730469,0.28778446,0.25903064,-0.0031110994,False,False,False,False,0.22731173,0.478923,True,True,61090.077133977844,,32,False,False,False,False,False,False,False,False,False,False,False,False,False,False,False,False,False,False,False,False,False,g
4,61090.07770912927,lsst,63.86904152463365,-46.589842992512594,170028485725126711,170028492706021469,0,170028485725126711,14317.482,811.63763,0,0,0,493518.2,807.75806,True,2026021800108,174,0.0,1.1727993e-05,1.0832956e-05,-1.0218654e-11,3102.4692,0.21447344,3866.7524,0.19181995,False,12357.047,1391.2133,False,False,False,17.366001,,1669.7793,1681,13783.109,20.575575,63.86904194830185,,-46.58984232664108,,0.8488389,,-98.43325,,,0,False,,,,,,,,0,False,False,False,479038.22,83.16533,0.22519559,0.19457315,-0.028966729,0.24035637,0.22822896,-0.01436019,False,False,False,False,0.061751783,0.45609567,False,False,61090.07934830582,,28,False,False,False,False,False,False,False,False,False,False,False,False,False,False,False,False,False,False,False,False,False,z
4,61090.08030136314,lsst,63.86907130181046,-46.58982755696731,170028485725126711,170028493511327754,0,170028485725126711,17028.893,789.7233,0,0,0,466959.7,775.70166,True,2026021800114,174,0.0,9.22362e-06,8.655996e-06,-8.2706953e-13,1937.2749,0.16613261,392.584,0.1559868,False,17509.697,1383.5195,False,False,False,21.254478,,1691.8892,1681,16916.89,49.614193,63.86907758733559,,-46.58982859633464,,1.03726,,-136.47748,,,0,False,,,,,,,,0,False,False,False,449911.8,141.19331,0.16558993,0.18737039,-0.05133103,0.22561802,0.2050241,0.00087143225,False,False,False,False,0.16094823,0.46414387,False,False,61090.08198145588,,30,False,False,False,False,False,False,False,False,False,False,False,False,False,False,False,False,False,False,False,False,False,z
4,61090.08129350384,lsst,63.869045697695576,-46.58985310674014,170028485725126711,170028493779238956,0,170028485725126711,15454.3545,804.55817,0,0,0,480738.94,795.7757,True,2026021800116,173,0.0,1.1813934e-05,1.1662584e-05,-2.4884162e-12,1498.2784,0.21364024,1762.8257,0.2091492,False,15968.725,1403.3713,False,False,False,19.18029,,1697.9082,1681,15126.723,6.1594067,63.86904029480986,,-46.589854110017065,,0.8902372,,-104.63091,,,0,False,,,,,,,,0,False,False,False,464803.44,77.01308,0.24242169,0.23606402,-0.03578507,0.23174912,0.21304777,-0.0112310285,False,False,False,False,0.03142537,0.4626649,False,False,61090.0830240083,,26,False,False,False,False,False,False,False,False,False,False,False,False,False,False,False,False,False,False,False,False,False,z
4,61090.08216027256,lsst,63.869114419718215,-46.58982824785577,170028485725126711,170028494047150143,0,170028485725126711,18043.543,780.9024,0,0,0,466327.8,773.59955,True,2026021800118,172,0.0,8.703211e-06,9.619676e-06,8.063206e-12,1827.3016,0.15327932,2691.6123,0.17638151,False,18349.896,1379.7579,False,False,False,23.077147,,1648.6426,1681,17391.205,6.2692647,63.86911351542102,,-46.58982830304254,,0.8724676,,11.0591955,,,0,False,,,,,,,,0,False,False,False,447850.78,103.82526,0.17767297,0.2423345,0.01283839,0.2243879,0.20227803,-0.0072543644,False,False,False,False,0.001299754,0.44562513,False,False,61090.08393493451,,27,False,False,False,False,False,False,False,False,False,False,False,False,False,False,False,False,False,False,False,False,False,z
4,61090.08302893632,lsst,63.86904376629512,-46.5898348628845,170028485725126711,170028494314537002,0,170028485725126711,15988.714,784.67426,0,0,0,444205.94,777.7404,True,2026021800120,170,0.0,9.400287e-06,8.8577135e-06,-3.0539408e-12,3686.8538,0.17014793,1494.4198,0.15895471,False,12722.321,1432.6763,False,False,False,20.238592,,1646.6671,1681,15953.135,22.713736,63.86904430688016,,-46.58983640453577,,0.9038013,,-111.61997,,,0,False,,,,,,,,0,False,False,False,428132.28,121.51652,0.1815372,0.16094847,-0.03706141,0.19568701,0.18662854,-0.012042392,False,False,False,False,0.050703816,0.46652347,False,False,61090.084750332564,,22,False,False,False,False,False,False,False,False,False,False,False,False,False,False,False,False,False,False,False,False,False,z
4,61090.08389785615,lsst,63.869053270092266,-46.58986333202105,170028485725126711,170028494580875271,0,170028485725126711,21046.705,798.51263,0,0,0,469434.53,791.4712,True,2026021800122,166,0.0,8.122788e-06,7.3831175e-06,-2.1438322e-12,2519.8665,0.14673182,210.56174,0.13263938,False,19619.203,1414.3418,False,False,False,26.004852,,1735.294,1681,20085.64,5.0804076,63.86905228869456,,-46.58986287710861,,0.6002651,,-60.784042,,,0,False,,,,,,,,0,False,False,False,447735.06,74.28389,0.19962542,0.17497061,0.009820267,0.2246271,0.20116922,-0.0025981613,False,False,False,False,0.074232854,0.4815432,False,False,61090.08557736426,,25,False,False,False,False,False,False,False,False,False,False,False,False,False,False,False,False,False,False,False,False,False,z
4,61090.08476626062,lsst,63.86912887349824,-46.589818452310645,170028485725126711,170028494849835080,0,170028485725126711,20361.926,771.1525,0,0,0,435266.97,764.7129,True,2026021800124,167,0.0,7.61304e-06,6.5246977e-06,-9.897079e-13,1441.0409,0.13719445,2543.0078,0.117600076,False,16957.47,1398.0818,False,False,False,26.574167,,1670.2876,1681,18717.693,17.677067,63.86912516164239,,-46.589819927199535,,0.45839176,,-45.05924,,,0,False,,,,,,,,0,False,False,False,414550.84,119.76403,0.1532732,0.15106018,0.0089971805,0.21327849,0.1702088,-0.0023812135,False,False,False,False,0.18516691,0.4679097,False,False,61090.08672854034,,23,False,False,False,False,False,False,False,False,False,False,False,False,False,False,False,False,False,False,False,False,False,z
4,61090.085631905415,lsst,63.869071887720814,-46.58985882798138,170028485725126711,170028495103066175,0,170028485725126711,16804.764,772.56964,0,0,0,423345.9,762.5144,True,2026021800126,138,0.0,8.819817e-06,8.0129885e-06,4.3412474e-13,3703.4094,0.15871184,2153.7422,0.14423425,False,16056.207,1444.6516,False,False,False,21.461843,,1707.5206,1681,15589.75,9.1880245,63.86907254176613,,-46.5898603018082,,0.5858772,,-36.59924,,,0,False,,,,,,,,0,False,False,False,406397.4,95.642494,0.1484768,0.15908745,0.014172633,0.1887482,0.16634342,0.0009898405,False,False,False,False,0.076418094,0.45862922,False,False,61090.08735396917,,22,False,False,False,False,False,False,False,False,False,False,False,False,False,False,False,False,False,False,False,False,False,z
4,61090.086498588695,lsst,63.869031829970176,-46.58983375816864,170028485725126711,170028495369404468,0,170028485725126711,17312.715,778.244,0,0,0,434290.0,770.71136,True,2026021800128,134,0.0,8.261485e-06,8.33386e-06,-2.1300993e-13,2997.301,0.14866419,1823.6158,0.1501299,False,16183.132,1444.8951,False,False,False,22.014437,,1778.2468,1681,16462.328,15.429702,63.86903402384494,,-46.58983260878183,,0.63410205,,-38.432934,,,0,False,,,,,,,,0,False,False,False,416481.7,107.38021,0.15741004,0.17481433,0.015542388,0.18513387,0.17616345,-0.0036284355,False,False,False,False,0.02883449,0.46186957,False,False,61090.08827185698,,24,False,False,False,False,False,False,False,False,False,False,False,False,False,False,False,False,False,False,False,False,False,z
4,61090.0883003446,lsst,63.86904529515409,-46.5898428188322,170028485725126711,170028495909945389,0,170028485725126711,16809.645,798.9418,0,0,0,455627.28,792.69574,True,2026021800132,141,0.0,1.26814775e-05,8.86762e-06,7.795002e-12,1519.391,0.2287578,1412.3845,0.15894082,False,16549.998,1443.2979,False,False,False,20.869244,,1633.7979,1681,17090.15,2.6935506,63.86904285120769,,-46.58984419144146,,1.0754247,,-101.73689,,,0,False,,,,,,,,0,False,False,False,438604.75,99.62182,0.2886672,0.1820107,-0.012022403,0.2186073,0.18544509,0.0059780735,False,False,False,False,0.12835144,0.46622178,False,False,61090.08987272666,,22,False,False,False,False,False,False,False,False,False,False,False,False,False,False,False,False,False,False,False,False,False,z
4,61090.089166948725,lsst,63.86905408394269,-46.58983498027141,170028485725126711,170028496174710865,0,170028485725126711,16379.001,873.14746,0,0,0,527989.6,874.0029,True,2026021800134,134,0.0,1.2096472e-05,1.2970136e-05,-4.769232e-12,1258.6202,0.21701099,3053.75,0.2343359,False,16354.662,1450.5549,False,False,False,18.525658,,1713.9678,1681,16093.514,7.509673,63.8690524199066,,-46.58983921108471,,1.0538933,,168.56517,,,0,False,,,,,,,,0,False,False,False,511063.4,54.988384,0.22937834,0.33178023,-0.00013862757,0.26265875,0.24626352,-0.011004225,False,False,False,False,0.0648772,0.4688802,False,False,61090.090866139755,,28,False,False,False,False,False,False,False,False,False,False,False,False,False,False,False,False,False,False,False,False,False,z
4,61090.09003633589,lsst,63.869092753701864,-46.589814130342134,170028485725126711,170028496438427695,0,170028485725126711,15563.757,881.1228,0,0,0,522999.78,881.4304,True,2026021800136,125,0.0,1.3555581e-05,1.40683915e-05,-5.318106e-12,2237.5342,0.24313669,2185.8696,0.25463656,False,18909.754,1473.5197,False,False,False,17.283901,,1673.3054,1681,14918.141,0.9771467,63.86909192610328,,-46.58981685796112,,0.9111141,,-160.23994,,,0,False,,,,,,,,0,False,False,False,506910.38,61.463264,0.28710157,0.3068925,-0.03578827,0.25728709,0.25771514,0.009774358,False,False,False,False,0.14084789,0.457843,False,False,61090.09175638437,,30,False,False,False,False,False,False,False,False,False,False,False,False,False,False,False,False,False,False,False,False,False,z
2,61090.092331364,lsst,63.869063104962976,-46.58984190798052,170028485725126711,170028496706863209,0,170028485725126711,18875.02,491.5808,0,0,0,320332.72,476.81705,True,2026021800138,125,0.0,7.2903026e-06,6.822585e-06,2.5260744e-12,2617.3413,0.13240777,3269.574,0.1217868,False,19743.824,736.7596,False,False,False,38.09785,,1747.5303,1681,18265.203,0.9706247,63.86906867972581,,-46.58984024900242,,0.8458282,,-88.19675,,,0,False,,,,,,,,0,False,False,False,301027.72,47.192753,0.34627962,0.29948872,0.021134552,0.27573094,0.2939544,0.015488468,False,False,False,False,0.11949361,0.51890886,False,False,61090.09417785784,,37,False,False,False,False,False,False,False,False,False,False,False,False,False,False,False,False,False,False,False,False,False,r
2,61090.093190371765,lsst,63.869028513222894,-46.58984663900868,170028485725126711,170028496978444384,0,170028485725126711,19183.656,477.46902,0,0,0,318303.72,465.55246,True,2026021800140,131,0.0,6.739115e-06,6.1200567e-06,4.692564e-12,1024.6609,0.12412403,2995.1992,0.106922336,False,21397.451,717.38995,False,False,False,39.926014,,1677.3873,1681,18757.896,0.37487417,63.86902968498366,,-46.58984459157877,,0.9596318,,-115.646194,,,0,False,,,,,,,,0,False,False,False,298569.06,53.841255,0.3684506,0.2860533,-0.0010106403,0.28438595,0.26667875,0.0056184363,False,False,False,False,0.21543112,0.5134005,False,False,61090.09544029484,,34,False,False,False,False,False,False,False,False,False,False,False,False,False,False,False,False,False,False,False,False,False,r
2,61090.09405378883,lsst,63.86904569898203,-46.589828315138924,170028485725126711,170028497246879836,0,170028485725126711,21168.664,510.1685,0,0,0,357363.22,501.07373,True,2026021800142,131,0.0,6.304276e-06,5.9709637e-06,3.7950897e-12,1022.025,0.11662447,2907.4165,0.104007766,False,22218.488,726.6111,False,False,False,41.133522,,1801.3954,1681,20573.357,9.241582,63.86904294658368,,-46.58982978854253,,1.015432,,-82.213425,,,0,False,,,,,,,,0,False,False,False,335394.97,40.28722,0.3161711,0.2960042,0.045709997,0.34880242,0.3131077,0.031605817,False,False,False,False,0.04562264,0.5790891,False,False,61090.09636948758,,41,False,False,False,False,False,False,False,False,False,False,False,False,False,False,False,False,False,False,False,False,False,r
2,61090.09686344318,lsst,63.86900711202261,-46.58983121746041,170028485725126711,170028498073157684,0,170028485725126711,20499.96,512.588,0,0,0,336364.84,499.0179,True,2026021800148,171,0.0,6.516192e-06,6.0548964e-06,-6.7051367e-13,219.77065,0.117379405,1865.3953,0.10897594,False,21038.422,750.3879,False,False,False,39.786983,,1643.5305,1681,19810.092,1.1129478,63.869008354639206,,-46.589830633056344,,0.8643466,,-125.60652,,,0,False,,,,,,,,0,False,False,False,315341.1,44.688763,0.30697584,0.29999682,-0.03294763,0.3227991,0.28344193,0.00772362,False,False,False,False,1.1046216e-05,0.49077207,False,False,61090.09870965025,,36,False,False,False,False,False,False,False,False,False,False,False,False,False,False,False,False,False,False,False,False,False,r
2,61090.097731774,lsst,63.86897110017846,-46.589852254877535,170028485725126711,170028498338971735,0,170028485725126711,18736.393,557.95605,0,0,0,385447.56,558.42163,True,2026021800150,166,0.0,8.739229e-06,9.413329e-06,-1.194484e-13,382.36948,0.15742806,2855.865,0.16979395,False,22866.861,773.62555,False,False,False,32.78183,,1735.9553,1681,17662.215,2.6525147,63.86897038502878,,-46.589850896198485,,0.9053537,,-156.32745,,,0,False,,,,,,,,0,False,False,False,365573.88,39.646122,0.451818,0.50028884,-0.026171172,0.38785982,0.39083114,-0.010520924,False,False,False,False,0.3837696,0.5052095,False,False,61090.09958973252,,42,False,False,False,False,False,False,False,False,False,False,False,False,False,False,False,False,False,False,False,False,False,r
2,61090.09859919323,lsst,63.86905910070395,-46.589863217745446,170028485725126711,170028498605309961,0,170028485725126711,20651.133,504.23395,0,0,0,314156.5,486.14304,True,2026021800152,162,0.0,7.6181673e-06,5.8465903e-06,2.3111537e-12,871.4815,0.13748775,302.53918,0.10500607,False,23765.557,761.54785,False,False,False,40.394768,,1974.0498,1681,20390.188,0.7075443,63.869065735214285,,-46.58986262563463,,1.047123,,-110.674446,,,0,False,,,,,,,,0,False,False,False,292959.9,48.192924,0.36996034,0.28390893,-0.024991238,0.29350188,0.24880879,-0.010081045,False,False,False,False,0.24976209,0.58670735,False,False,61090.10039066541,,42,False,False,False,False,False,False,False,False,False,False,False,False,False,False,False,False,False,False,False,False,False,r
2,61090.099464052495,lsst,63.86899077142348,-46.58985187247223,170028485725126711,170028498873745526,0,170028485725126711,18449.951,485.31073,0,0,0,297739.8,472.11874,True,2026021800154,162,0.0,6.8023724e-06,5.715529e-06,2.9450383e-12,3314.0986,0.123329535,3411.7285,0.10206451,False,21151.604,758.0779,False,False,False,37.655937,,1666.9342,1681,18155.922,1.1258007,63.86899267378263,,-46.589852769853856,,0.9146884,,-92.698265,,,0,False,,,,,,,,0,False,False,False,278711.97,75.70432,0.30138007,0.22971874,0.011940785,0.25699732,0.23018268,0.0004328516,False,False,False,False,0.048386697,0.49350047,False,False,61090.10130862863,,39,False,False,False,False,False,False,False,False,False,False,False,False,False,False,False,False,False,False,False,False,False,r
2,61090.10032576205,lsst,63.86905696457469,-46.58986032526886,170028485725126711,170028499129597985,0,170028485725126711,19848.166,499.42194,0,0,0,340449.84,485.7641,True,2026021800156,138,0.0,7.0969695e-06,6.3311986e-06,3.5401257e-12,370.5143,0.1290486,1001.7545,0.11236168,False,21777.81,728.0465,False,False,False,39.004917,,1757.1858,1681,19726.955,4.4849734,63.86905951034237,,-46.589860758128594,,1.1326585,,-84.73238,,,0,False,,,,,,,,0,False,False,False,320076.1,38.521576,0.3851902,0.3023438,0.041721262,0.3428306,0.29741406,0.00087911816,False,False,False,False,0.042684652,0.55796593,False,False,61090.10234052728,,40,False,False,False,False,False,False,False,False,False,False,False,False,False,False,False,False,False,False,False,False,False,r
2,61090.10119170266,lsst,63.86910101346111,-46.58984792555758,170028485725126711,170028499393839220,0,170028485725126711,18181.521,495.88345,0,0,0,331806.34,480.0297,True,2026021800158,130,0.0,8.086686e-06,7.168027e-06,7.468486e-12,3028.2566,0.14908569,3446.0598,0.12490924,False,18321.4,730.27045,False,False,False,36.673676,,1683.36,1681,17483.021,2.865699,63.869104495037384,,-46.58984923968729,,0.9362901,,-113.84051,,,0,False,,,,,,,,0,False,False,False,313174.16,40.42927,0.3961487,0.31841618,-0.00044535918,0.32518965,0.28626436,0.001572762,False,False,False,False,0.19532998,0.49810085,False,False,61090.10309554889,,41,False,False,False,False,False,False,False,False,False,False,False,False,False,False,False,False,False,False,False,False,False,r
2,61090.10205793161,lsst,63.86906450488145,-46.58981562174505,170028485725126711,170028499659128836,0,170028485725126711,20371.527,527.5946,0,0,0,352291.53,513.78827,True,2026021800160,124,0.0,7.088405e-06,6.4501555e-06,7.2594344e-12,1150.9343,0.13296346,47.265274,0.11029553,False,19396.719,752.5366,False,False,False,38.465088,,1855.4504,1681,19618.36,6.2786207,63.869062819261984,,-46.58981625541817,,0.9108005,,-125.90473,,,0,False,,,,,,,,0,False,False,False,331670.94,34.722057,0.35152262,0.2792702,-0.0077516274,0.35919762,0.3154647,0.004483624,False,False,False,False,0.03512203,0.5229438,False,False,61090.1040346604,,36,False,False,False,False,False,False,False,False,False,False,False,False,False,False,False,False,False,False,False,False,False,r
2,61090.10386545979,lsst,63.86907568915788,-46.589828952050674,170028485725126711,170028500200718363,0,170028485725126711,20317.623,494.5375,0,0,0,327029.34,477.02664,True,2026021800164,133,0.0,6.3966013e-06,6.5010736e-06,-8.128104e-13,1749.1667,0.114598036,591.2944,0.11757534,False,21199.281,735.42,False,False,False,41.118816,,1744.7653,1681,19211.018,2.5257075,63.86907641069685,,-46.58982878098167,,0.6502922,,-27.399704,,,0,False,,,,,,,,0,False,False,False,306098.22,44.984394,0.30737045,0.34356123,0.0020026402,0.30181688,0.28501436,0.017504228,False,False,False,False,0.08381953,0.53238136,False,False,61090.10564968642,,35,False,False,False,False,False,False,False,False,False,False,False,False,False,False,False,False,False,False,False,False,False,r
2,61090.10472905353,lsst,63.869051212849186,-46.58984240157037,170028485725126711,170028500462862379,0,170028485725126711,19524.852,515.5814,0,0,0,338351.6,495.43124,True,2026021800166,121,0.0,6.9296593e-06,6.2576814e-06,7.73013e-12,3200.4514,0.13060215,1371.0253,0.106058076,False,19701.244,754.11914,False,False,False,37.42917,,1810.9724,1681,19236.02,12.307692,63.86904824375781,,-46.5898424105395,,1.1328923,,-96.47949,,,0,False,,,,,,,,0,False,False,False,318317.44,41.929977,0.32736665,0.24638732,0.04423401,0.33614463,0.28617987,0.037950274,False,False,False,False,0.046366718,0.5090461,False,False,61090.106744065,,47,False,False,False,False,False,False,False,False,False,False,False,False,False,False,False,False,False,False,False,False,False,r
3,61091.02487820663,lsst,63.86900743985339,-46.589825521798055,170028485725126711,170032879069298695,0,170028485725126711,18220.043,618.3489,0,0,0,402508.9,623.0151,True,2026021900021,162,0.0,1.7829972e-06,2.0077732e-06,-3.1191748e-13,94.36719,0.031614672,235.61244,0.036643192,False,12493.533,1024.8763,False,False,False,32.820446,,2229.3716,1681,18632.865,8.282204,63.86905001794341,,-46.58989005819266,,0.6174923,,176.4874,,,0,False,275723.72,1986.1108,0.0,3972.2217,0.025643304,152.54405,41795.76,3960,False,False,False,383726.16,69.32595,0.15328598,0.1828173,-0.008068313,0.2047851,0.25984687,0.02052324,False,False,False,False,0.35954845,0.46434182,True,True,61091.026572488394,,41,False,False,False,False,False,False,False,False,False,False,False,False,False,False,False,False,False,False,False,False,False,i
3,61091.0274840945,lsst,63.869040839942606,-46.589838209763215,170028485725126711,170032879859400743,0,170028485725126711,22464.297,578.37115,0,0,0,380868.2,585.0651,True,2026021900027,133,0.0,4.7256253e-06,5.0685762e-06,-5.40389e-12,1699.5201,0.07714524,1387.8129,0.09810852,False,20015.756,976.895,False,False,False,38.151672,,1700.2781,1681,21065.549,3.658419,63.86904052271917,,-46.58983832436592,,0.70044833,,-42.322315,,,0,False,,,,,,,,0,False,False,False,357589.0,54.947872,0.14068162,0.18385595,0.004615836,0.18671902,0.23298845,0.0043191677,False,False,False,False,0.23665297,0.48968598,False,False,61091.029277127804,,25,False,False,False,False,False,False,False,False,False,False,False,False,False,False,False,False,False,False,False,False,False,i
3,61091.02835722653,lsst,63.869013317828134,-46.58982078412419,170028485725126711,170032880121544753,0,170028485725126711,19118.898,565.959,0,0,0,348321.3,573.0133,True,2026021900029,121,0.0,1.8326101e-06,1.8469336e-06,-3.0584072e-13,679.30035,0.031646676,1738.2367,0.034617867,False,10925.246,991.5746,False,False,False,34.39089,,1957.1208,1681,17468.271,10.782056,63.86905981050125,,-46.589831261025346,,0.48670226,,160.20776,,,0,False,227838.48,1973.4117,0.0,3946.8235,0.01524834,111.627426,53012.6,2277,False,False,False,328824.22,197.55037,0.10113309,0.115965225,-0.0073340405,0.15313952,0.18844688,-0.011850888,False,False,False,False,0.4338309,0.48279047,True,True,61091.03016001779,,42,False,False,False,False,False,False,False,False,False,False,False,False,False,False,False,False,False,False,False,False,False,i
3,61091.02922305542,lsst,63.86903951272313,-46.58984045122767,170028485725126711,170032880388931621,0,170028485725126711,21189.97,550.6812,0,0,0,343110.62,552.4483,True,2026021900031,119,0.0,4.366165e-06,4.3513905e-06,-5.6815674e-13,3981.2197,0.07732897,1303.9729,0.07964744,False,22599.795,960.8174,False,False,False,38.024807,,1815.7048,1681,18593.195,8.207382,63.86903848608178,,-46.58983806009515,,0.36509648,,-148.5553,,,0,False,,,,,,,,0,False,False,False,321070.88,101.37318,0.13334696,0.122766405,-0.002125326,0.15583661,0.17541106,-0.00691944,False,False,False,False,0.19203785,0.48914844,False,False,61091.031058130255,,28,False,False,False,False,False,False,False,False,False,False,False,False,False,False,False,False,False,False,False,False,False,i
3,61091.0311321053,lsst,63.869058339386164,-46.58982819017046,170028485725126711,170032880932094059,0,170028485725126711,21267.732,550.4716,0,0,0,348451.47,552.26575,True,2026021900035,131,0.0,4.2206825e-06,4.4233557e-06,-5.4274234e-13,1295.9417,0.075647704,2974.9546,0.07996295,False,23135.541,947.70416,False,False,False,37.951447,,1759.3197,1681,18870.34,9.0047655,63.86905748400817,,-46.58982777812891,,0.4826749,,-40.310215,,,0,False,,,,,,,,0,False,False,False,326567.2,135.31862,0.1375424,0.15072882,0.0076658046,0.16875318,0.1857832,0.011816875,False,False,False,False,0.14348604,0.4904866,False,False,61091.03297198617,,32,False,False,False,False,False,False,False,False,False,False,False,False,False,False,False,False,False,False,False,False,False,i
3,61091.03199618681,lsst,63.86906171536408,-46.5898317919119,170028485725126711,170032881196859454,0,170028485725126711,18941.459,603.3603,0,0,0,368446.66,604.0013,True,2026021900037,124,0.0,5.3406866e-06,5.3920558e-06,-3.4043092e-13,200.14662,0.09609648,1952.3867,0.09746896,False,17291.654,1010.5855,False,False,False,30.931206,,1668.9807,1681,16533.08,17.36952,63.86905770692643,,-46.58983024744147,,0.6009605,,-170.74715,,,0,False,,,,,,,,0,False,False,False,349035.06,108.678894,0.13199848,0.14699619,-0.014211661,0.18588601,0.20437233,-0.008107067,False,False,False,False,0.3283929,0.48208663,False,False,61091.03375929465,,23,False,False,False,False,False,False,False,False,False,False,False,False,False,False,False,False,False,False,False,False,False,i
3,61091.0328631036,lsst,63.86906173486128,-46.58983779085218,170028485725126711,170032881468964915,0,170028485725126711,21738.945,535.729,0,0,0,335100.4,539.78314,True,2026021900039,131,0.0,4.220676e-06,3.9291117e-06,1.712817e-12,2069.2239,0.077857755,1225.5043,0.06865195,False,19019.604,946.94617,False,False,False,40.236645,,1774.9772,1681,19861.625,10.493053,63.86905994719778,,-46.58983664188334,,0.5968989,,-122.4161,,,0,False,,,,,,,,0,False,False,False,312805.8,108.07485,0.14481708,0.11340135,-0.0026024284,0.15603362,0.17081732,0.0029900882,False,False,False,False,0.16487159,0.48315245,False,False,61091.03466080224,,25,False,False,False,False,False,False,False,False,False,False,False,False,False,False,False,False,False,False,False,False,False,i
3,61091.033729276605,lsst,63.86907352517787,-46.58982544895625,170028485725126711,170032881736351827,0,170028485725126711,22844.639,515.4321,0,0,0,308891.0,523.9455,True,2026021900041,129,0.0,3.2380842e-06,3.2312157e-06,2.6645185e-14,1278.7494,0.058362726,1980.0635,0.05816167,False,22448.113,948.9156,False,False,False,43.655544,,1842.4006,1681,19864.15,8.491615,63.86906923020854,,-46.589823571768235,,0.48695362,,-99.447655,,,0,False,,,,,,,,0,False,False,False,285140.62,161.57806,0.1048481,0.09110694,0.007946285,0.12644808,0.13822575,0.0040718466,False,False,False,False,0.20013997,0.49452558,False,False,61091.03553783986,,28,False,False,False,False,False,False,False,False,False,False,False,False,False,False,False,False,False,False,False,False,False,i
3,61091.03459687574,lsst,63.869068956965435,-46.5898313146596,170028485725126711,170032882006884360,0,170028485725126711,21783.807,514.84045,0,0,0,313256.97,520.22516,True,2026021900043,133,0.0,3.8346275e-06,3.7972898e-06,8.0761266e-13,1851.3195,0.07062511,145.23434,0.066764556,False,22079.725,938.5477,False,False,False,41.82479,,1847.7894,1681,19890.824,8.850708,63.86906691605175,,-46.589829950678414,,0.594779,,-131.2917,,,0,False,,,,,,,,0,False,False,False,290633.75,118.274185,0.13353491,0.101730146,-0.0005047536,0.1362364,0.14766937,0.0007229633,False,False,False,False,0.0990198,0.4886723,False,False,61091.03637905537,,45,False,False,False,False,False,False,False,False,False,False,False,False,False,False,False,False,False,False,False,False,False,i
3,61091.035462831685,lsst,63.86906125639763,-46.589817733616705,170028485725126711,170032882267979840,0,170028485725126711,21470.143,526.1977,0,0,0,320772.34,531.0076,True,2026021900045,119,0.0,3.5233966e-06,3.5205458e-06,-1.2768723e-14,1297.5469,0.06344184,1789.1653,0.06345704,False,20877.016,944.4418,False,False,False,39.596672,,1875.323,1681,18582.701,12.626322,63.86905626889565,,-46.589817175102965,,0.32430243,,-157.97498,,,0,False,,,,,,,,0,False,False,False,298407.06,110.23415,0.0978634,0.09138575,-0.0031332988,0.14644875,0.14327051,0.0043781367,False,False,False,False,0.35355046,0.49108496,False,False,61091.03725215941,,28,False,False,False,False,False,False,False,False,False,False,False,False,False,False,False,False,False,False,False,False,False,i
3,61091.03719064464,lsst,63.86904673603222,-46.58983741239293,170028485725126711,170032882783354888,0,170028485725126711,20831.496,534.8007,0,0,0,315096.94,544.35974,True,2026021900049,78,0.0,3.6139638e-06,3.7872767e-06,1.2959406e-12,915.76886,0.07025274,234.00896,0.06306931,False,18916.963,967.3804,False,False,False,38.509304,,1812.616,1681,18479.715,5.8500586,63.86904623527285,,-46.58983740445082,,0.64723605,,-119.73323,,,0,False,,,,,,,,0,False,False,False,293484.16,161.62938,0.10908104,0.08785275,0.01631171,0.1431957,0.1311815,0.0049651186,False,False,False,False,0.23984134,0.48922145,False,False,61091.039043584955,,21,False,False,False,False,False,False,False,False,False,False,False,False,False,False,False,False,False,False,False,False,False,i
1,61091.03943842836,lsst,63.869103338179336,-46.58982492477604,170028485725126711,170032883076431913,0,170028485725126711,11741.827,357.9543,0,0,0,165874.17,331.48395,True,2026021900051,125,0.0,6.939157e-06,6.810471e-06,1.0345697e-12,1720.288,0.12563337,1489.2166,0.12203484,False,11078.033,532.1106,False,False,False,33.063354,,1849.4985,1681,10655.006,1.7369928,63.869105193270926,,-46.589824032195445,,0.43288156,,-172.56197,,,0,False,,,,,,,,0,False,False,False,153649.61,71.001785,0.2367017,0.24285382,-0.0073442957,0.25726426,0.2448372,0.015196059,False,False,False,False,0.012594193,0.4826828,False,False,61091.04104332448,,29,False,False,False,False,False,False,False,False,False,False,False,False,False,False,False,False,False,False,False,False,False,g
1,61091.07558162861,lsst,63.869085352891275,-46.58984412855725,170028485725126711,170032883639517204,0,170028485725126711,13923.42,399.91974,0,0,0,200271.33,379.85843,True,2026021900055,175,0.0,7.113668e-06,7.665453e-06,2.5257713e-12,2830.9407,0.12712103,598.11346,0.13897616,False,12496.719,550.0802,False,False,False,34.781216,,1673.5726,1681,13714.405,7.812896,63.86908170618837,,-46.58983900088063,,0.62646025,,-124.74748,,,0,False,,,,,,,,0,False,False,False,186084.84,42.110466,0.3162786,0.32284045,-0.016543234,0.35197046,0.41676548,-0.008330667,False,False,False,False,0.23926193,0.5931512,False,False,61091.07743167944,,46,False,False,False,False,False,False,False,False,False,False,False,False,False,False,False,False,False,False,False,False,False,g
1,61091.07645284635,lsst,63.869054593108935,-46.589858039208686,170028485725126711,170032883890126976,0,170028485725126711,8675.312,371.79532,0,0,0,177590.42,345.4007,True,2026021900057,141,0.0,1.03675875e-05,1.0242892e-05,-5.169845e-13,600.17065,0.18662123,3526.7715,0.18433991,False,10454.394,538.35846,False,False,False,22.86687,,1814.0905,1681,8259.876,1.8064001,63.869056162544055,,-46.589859574407214,,1.0808163,,-92.40254,,,0,False,,,,,,,,0,False,False,False,168563.81,58.91984,0.3966051,0.3007564,-0.022646822,0.2729765,0.30180612,-7.411506e-05,False,False,False,False,0.2787157,0.47492373,False,False,61091.07847512497,,60,False,False,False,False,False,False,False,False,False,False,False,False,False,False,False,False,False,False,False,False,False,g
1,61091.07732221985,lsst,63.86911497788077,-46.58982334854193,170028485725126711,170032884174815275,0,170028485725126711,12907.916,403.18576,0,0,0,205082.86,382.43112,True,2026021900059,172,0.0,8.074388e-06,9.481575e-06,1.7133303e-12,2593.1914,0.145157,1685.1638,0.17089605,False,11467.732,551.07587,False,False,False,32.11724,,1620.1423,1681,13112.817,8.527688,63.8691108668958,,-46.589821091198196,,1.2145716,,0.22304577,,,0,False,,,,,,,,0,False,False,False,191885.86,30.758432,0.30445623,0.4393605,0.008753811,0.39798912,0.4176973,-0.007860423,False,False,False,False,0.07612746,0.54316443,False,False,61091.079133440464,,37,False,False,False,False,False,False,False,False,False,False,False,False,False,False,False,False,False,False,False,False,False,g
1,61091.07818759258,lsst,63.869103968457125,-46.589857477328465,170028485725126711,170032884440105040,0,170028485725126711,12018.198,406.39716,0,0,0,200930.92,387.0182,True,2026021900061,166,0.0,9.994274e-06,1.152261e-05,-1.5076606e-12,2123.474,0.17992504,3245.8035,0.20784968,False,12827.262,561.8956,False,False,False,29.576437,,1713.4707,1681,12279.031,1.080619,63.86910889074723,,-46.58985908916545,,1.2760103,,-161.91841,,,0,False,,,,,,,,0,False,False,False,188389.81,55.410538,0.4220293,0.5339191,-0.04841894,0.3888439,0.39942333,-0.032134492,False,False,False,False,0.3604091,0.5332332,False,False,61091.08004734251,,40,False,False,False,False,False,False,False,False,False,False,False,False,False,False,False,False,False,False,False,False,False,g
1,61091.07905270066,lsst,63.86902194580499,-46.5898395852006,170028485725126711,170032884691763309,0,170028485725126711,10938.852,375.57498,0,0,0,180305.55,349.1436,True,2026021900063,134,0.0,9.59476e-06,7.6041956e-06,4.7976085e-12,727.3587,0.1732878,3343.1648,0.13614784,False,13052.649,539.1666,False,False,False,28.713993,,1761.8616,1681,10880.747,2.584307,63.86901409314094,,-46.58984027559289,,1.3107337,,-90.32181,,,0,False,,,,,,,,0,False,False,False,169034.02,54.91734,0.42122245,0.26404804,0.021291617,0.30723292,0.2688313,-0.009935586,False,False,False,False,0.22804894,0.4809279,False,False,61091.08107574432,,40,False,False,False,False,False,False,False,False,False,False,False,False,False,False,False,False,False,False,False,False,False,g
1,61091.08275016336,lsst,63.86905981255067,-46.58982799485207,170028485725126711,170032885768650852,0,170028485725126711,12502.766,369.07874,0,0,0,178654.53,347.80798,True,2026021900071,140,0.0,6.695768e-06,6.7257342e-06,3.630035e-13,3208.326,0.12016205,2881.2336,0.12132264,False,11808.174,531.15936,False,False,False,33.73738,,1714.732,1681,11281.828,3.519098,63.869062067428324,,-46.58982438890824,,0.42417967,,-90.31987,,,0,False,,,,,,,,0,False,False,False,165776.6,59.382187,0.24837252,0.24051084,-0.006547465,0.27650645,0.2859293,-0.00050186797,False,False,False,False,0.11319914,0.49069214,False,False,61091.084569105136,,39,False,False,False,False,False,False,False,False,False,False,False,False,False,False,False,False,False,False,False,False,False,g
1,61091.08361755821,lsst,63.86904242886342,-46.58983423111051,170028485725126711,170032886053863493,0,170028485725126711,10430.486,390.6772,0,0,0,186140.97,367.82648,True,2026021900073,172,0.0,1.0271159e-05,9.795394e-06,-4.846008e-12,2971.351,0.18659785,2552.122,0.17458114,False,10086.717,554.8473,False,False,False,26.775217,,1732.3844,1681,9704.311,0.34220982,63.869043715915495,,-46.589832816116996,,0.61631984,,-74.92759,,,0,False,,,,,,,,0,False,False,False,175563.81,43.184784,0.35382232,0.32244155,-0.004344096,0.31908303,0.30348197,0.0058769546,False,False,False,False,0.05628067,0.4780994,False,False,61091.08575413952,,31,False,False,False,False,False,False,False,False,False,False,False,False,False,False,False,False,False,False,False,False,False,g
1,61091.08535266055,lsst,63.86897530494249,-46.58982307613138,170028485725126711,170032886590210135,0,170028485725126711,9328.333,428.44177,0,0,0,225667.23,410.9476,True,2026021900077,171,0.0,3.3479493e-05,2.1250187e-05,-1.3109155e-10,1155.1682,0.60911304,3673.989,0.37221047,False,11875.773,562.5669,False,False,False,21.280113,,1933.6311,1681,11091.774,2.0992427,63.868978159639326,,-46.58982153217631,,2.6036057,,-84.77679,,,0,False,,,,,,,,0,False,False,False,215746.9,29.98137,1.2478021,0.57476974,-0.06501015,0.5087216,0.42319512,0.0074425265,False,False,False,False,0.9999762,0.48165923,False,False,61091.0872457871,,70,False,False,False,False,False,False,False,False,False,False,False,False,False,False,False,False,False,False,False,False,False,g
1,61091.08622172479,lsst,63.8690863208577,-46.58981535654222,170028485725126711,170032886856548391,0,170028485725126711,10274.102,425.86996,0,0,0,215480.95,406.7188,True,2026021900079,167,0.0,1.484962e-05,1.149189e-05,-7.1518624e-12,1952.4552,0.26763973,1441.3496,0.20667586,False,10294.182,567.99915,False,False,False,23.679209,,1713.3918,1681,10390.981,7.08801,63.86907822605472,,-46.589817823730975,,1.4572197,,-104.98794,,,0,False,,,,,,,,0,False,False,False,204843.25,31.855389,0.53395694,0.37916633,-0.06281682,0.46570456,0.38000235,0.004398164,False,False,False,False,0.06505284,0.47885364,False,False,61091.087963617974,,42,False,True,False,False,False,False,False,True,False,False,False,False,False,False,False,False,False,False,False,False,False,g
4,61091.08851639653,lsst,63.86908766121325,-46.5898046762622,170028485725126711,170032887078322261,0,170028485725126711,23064.758,870.43054,0,0,0,537752.06,869.453,True,2026021900081,78,0.0,9.114711e-06,8.791077e-06,-9.667208e-12,1310.0266,0.15109596,2975.6377,0.1711632,False,28167.117,1399.0627,False,False,False,25.883612,,1727.1995,1681,20892.598,2.3247979,63.86908290426607,,-46.58980172712727,,0.8554942,,-56.814735,,,0,False,,,,,,,,0,False,False,False,512981.53,76.43147,0.23372388,0.29858795,0.0041613923,0.24653335,0.24804948,0.007852924,False,False,False,False,0.03545868,0.4788824,False,False,61091.09014172729,,55,False,False,False,False,False,False,False,False,False,False,False,False,False,False,False,False,False,False,False,False,False,z
4,61091.08957962401,lsst,63.86896477922028,-46.589874242290186,170028485725126711,170032887390797916,0,170028485725126711,21728.01,898.4503,0,0,0,573806.9,896.8566,True,2026021900083,162,0.0,1.0991108e-05,9.844842e-06,2.9002462e-12,4033.139,0.19830965,3349.7656,0.17718114,False,23613.828,1414.5453,False,False,False,23.902712,,1720.3152,1681,22307.059,34.35417,63.8689585428808,,-46.58987642375958,,1.447753,,-59.708202,,,0,False,,,,,,,,0,False,False,False,550235.44,58.83311,0.35881943,0.30562353,0.09930537,0.27596906,0.27469772,0.00028068625,False,False,False,False,0.25517714,0.47988898,False,False,61091.09139073752,,32,False,False,False,False,False,False,False,False,False,False,False,False,False,False,False,False,False,False,False,False,False,z
4,61091.09044461368,lsst,63.86907069293705,-46.589816534061534,170028485725126711,170032887659757627,0,170028485725126711,21878.049,887.5268,0,0,0,557322.4,876.78076,True,2026021900085,163,0.0,1.0194853e-05,9.234788e-06,4.477288e-12,3822.5945,0.18449208,2194.4534,0.16545883,False,25959.729,1403.8593,False,False,False,23.820044,,1728.0491,1681,19816.682,12.17595,63.869072066541555,,-46.58981516911293,,0.7610393,,-108.34758,,,0,False,,,,,,,,0,False,False,False,534134.44,59.22653,0.27269515,0.22235423,-0.004698185,0.2729714,0.2469387,0.0029185824,False,False,False,False,0.014777036,0.47975674,False,False,61091.092373935106,,30,False,False,False,False,False,False,False,False,False,False,False,False,False,False,False,False,False,False,False,False,False,z
4,61091.09130836065,lsst,63.86905720704296,-46.58981490095336,170028485725126711,170032887910891575,0,170028485725126711,21319.14,903.0339,0,0,0,574120.7,906.53046,True,2026021900087,130,0.0,1.08981985e-05,9.787175e-06,8.736545e-12,847.635,0.19863781,2657.2856,0.17351885,False,21823.67,1409.8065,False,False,False,23.260178,,1744.4868,1681,19884.621,2.7231717,63.869054342911525,,-46.5898136525376,,0.9011506,,-139.04114,,,0,False,,,,,,,,0,False,False,False,551394.4,53.8072,0.31152308,0.27580312,-0.03159739,0.2806551,0.27323002,0.011739069,False,False,False,False,0.024939707,0.47699946,False,False,61091.093118715035,,30,False,False,False,False,False,False,False,False,False,False,False,False,False,False,False,False,False,False,False,False,False,z
4,61091.09217700006,lsst,63.86905615515712,-46.58983782916247,170028485725126711,170032888181424209,0,170028485725126711,24621.611,947.4501,0,0,0,629067.2,959.03955,True,2026021900089,134,0.0,1.2149508e-05,1.0783024e-05,1.862901e-11,912.5612,0.22506312,3589.991,0.18687324,False,31737.219,1419.887,False,False,False,23.311169,,2019.5916,1681,24254.066,1.8506125,63.86904855782956,,-46.589838465582275,,1.4192811,,-98.843575,,,0,False,,,,,,,,0,False,False,False,601903.9,61.27873,0.5221037,0.36298776,0.050645947,0.32555667,0.32636377,0.011535746,False,False,False,False,0.647793,0.50753313,False,False,61091.093961425184,,69,False,False,False,False,False,False,False,False,False,False,False,False,False,False,False,False,False,False,False,False,False,z
4,61091.093047945,lsst,63.869071689079895,-46.58984113092866,170028485725126711,170032888444616761,0,170028485725126711,23157.924,958.0172,1,0,0,609127.4,963.2233,True,2026021900091,124,0.0,3.6749087e-05,3.2809075e-05,2.6051772e-10,3496.4875,0.7001897,2263.8228,0.54640675,True,38733.324,1460.2285,True,False,False,20.901802,,2226.6934,1681,,,,,,,,,,,,0,False,,,,,,,,0,True,False,False,583341.1,70.12543,9.888312,6.700856,-2.6372042,0.32085496,0.29191968,0.03733174,True,False,False,False,,0.47605944,False,False,61091.094928896346,,104,False,False,True,False,False,False,False,True,False,False,False,False,False,False,False,False,False,False,False,False,False,z
4,61091.093914665864,lsst,63.86894328008379,-46.58987966155801,170028485725126711,170032888715673617,0,170028485725126711,25327.488,891.06335,0,0,0,556889.8,893.7583,True,2026021900093,129,0.0,8.769197e-06,8.994889e-06,-7.256049e-12,1534.2361,0.15218173,529.47107,0.16741283,False,27867.375,1415.9283,False,False,False,27.813293,,1711.8425,1681,22920.184,2.3084693,63.86893510143285,,-46.589879711315014,,0.6869583,,-64.328926,,,0,False,,,,,,,,0,False,False,False,529721.6,78.36131,0.28058997,0.30428272,0.016705658,0.25245145,0.2751185,0.0087140715,False,False,False,False,0.074932985,0.48830009,False,False,61091.0957436831,,46,False,False,False,False,False,False,False,False,False,False,False,False,False,False,False,False,False,False,False,False,False,z
4,61091.09582622063,lsst,63.869049192784686,-46.58985888247203,170028485725126711,170032889258835981,0,170028485725126711,22520.037,864.561,0,0,0,534256.0,864.1784,True,2026021900097,141,0.0,8.986193e-06,8.435718e-06,5.649729e-13,160.42223,0.16176023,406.56516,0.15187316,False,22824.492,1404.4573,False,False,False,25.617716,,1623.029,1681,21723.314,5.8097954,63.86904911592832,,-46.5898605146499,,1.0555595,,-139.81313,,,0,False,,,,,,,,0,False,False,False,510640.62,87.672165,0.26121488,0.26598087,-0.05166934,0.25836995,0.23706321,0.00042457352,False,False,False,False,0.025139771,0.48131046,False,False,61091.0975681545,,28,False,False,False,False,False,False,False,False,False,False,False,False,False,False,False,False,False,False,False,False,False,z
4,61091.09755605264,lsst,63.86903890135642,-46.58985229779859,170028485725126711,170032889794134105,0,170028485725126711,21394.523,809.5319,0,0,0,473136.53,809.43835,True,2026021900101,138,0.0,8.369152e-06,8.834131e-06,-2.4336637e-12,582.1118,0.149874,2779.104,0.15974605,False,28260.729,1387.7698,False,False,False,26.200731,,1776.7194,1681,19795.16,4.945643,63.86903632075026,,-46.589856701274066,,0.787845,,-173.38081,,,0,False,,,,,,,,0,False,False,False,450587.9,140.77034,0.22495595,0.26447442,-0.019240495,0.19877604,0.19430771,0.005865975,False,False,False,False,0.25560877,0.4845027,False,False,61091.09933521565,,38,False,False,False,False,False,False,False,False,False,False,False,False,False,False,False,False,False,False,False,False,False,z
4,61091.098420225375,lsst,63.869045681794866,-46.5898607839452,170028485725126711,170032890059948080,0,170028485725126711,22954.389,789.09503,0,0,0,451275.2,785.1327,True,2026021900103,133,0.0,7.159227e-06,7.028402e-06,8.073548e-13,168.46446,0.1293066,1242.032,0.12621756,False,29263.818,1395.3549,False,False,False,28.646404,,1758.3059,1681,21292.492,0.73460555,63.8690459046706,,-46.58986098267698,,0.7359269,,-93.06557,,,0,False,,,,,,,,0,False,False,False,427112.25,114.97064,0.23534149,0.19710411,0.014581657,0.18133779,0.18218355,0.0063836146,False,False,False,False,0.15087672,0.48438513,False,False,61091.10023777753,,30,False,False,False,False,False,False,False,False,False,False,False,False,False,False,False,False,False,False,False,False,False,z
4,61091.09928705091,lsst,63.86900240399681,-46.58983275471372,170028485725126711,170032890328907852,0,170028485725126711,21945.684,812.87933,0,0,0,478890.88,813.76105,True,2026021900105,134,0.0,7.889857e-06,7.3926963e-06,5.4395286e-12,1246.8517,0.14524639,2631.671,0.12966664,False,25802.018,1392.5292,False,False,False,26.547924,,1837.8817,1681,20233.787,3.549947,63.8690051336976,,-46.58983563577342,,0.86843836,,-115.43113,,,0,False,,,,,,,,0,False,False,False,455686.3,147.88173,0.24278238,0.17408146,0.0027493532,0.20356064,0.1972808,0.016348543,False,False,False,False,0.007981182,0.48786008,False,False,61091.100989838334,,33,False,False,False,False,False,False,False,False,False,False,False,False,False,False,False,False,False,False,False,False,False,z
4,61091.10101677778,lsst,63.86904146459973,-46.58986208713013,170028485725126711,170032890858962974,0,170028485725126711,21050.39,852.8994,0,0,0,498438.9,842.6414,True,2026021900109,121,0.0,8.805427e-06,8.767673e-06,1.2328102e-12,3901.57,0.1596861,1067.6805,0.15696587,False,23137.027,1431.614,False,False,False,24.136995,,1815.7152,1681,18813.45,0.5147476,63.86904366802667,,-46.58986089950985,,0.4359419,,-168.83453,,,0,False,,,,,,,,0,False,False,False,476101.66,83.39124,0.22628409,0.22287974,-0.007907508,0.21634509,0.2192229,0.0025721954,False,False,False,False,0.0053022527,0.48241076,False,False,61091.10258312684,,27,False,False,False,False,False,False,False,False,False,False,False,False,False,False,False,False,False,False,False,False,False,z
2,61091.10340515041,lsst,63.86904448307178,-46.58982321339277,170028485725126711,170032891128971344,0,170028485725126711,23819.588,504.92395,0,0,0,320821.6,497.4752,True,2026021900111,124,0.0,4.6077053e-06,5.0719123e-06,-3.4653359e-12,2074.869,0.07931746,2616.8188,0.09468687,False,24277.754,756.54706,False,False,False,46.326668,,1729.1112,1681,21830.6,2.7351365,63.86904538688553,,-46.58982042466582,,0.60708344,,-33.97991,,,0,False,,,,,,,,0,False,False,False,296063.1,68.377556,0.24019961,0.2714113,0.0031667247,0.24232084,0.28308398,-0.0013558938,False,False,False,False,0.0045299116,0.57637596,False,False,61091.105123675625,,48,False,False,False,False,False,False,False,False,False,False,False,False,False,False,False,False,False,False,False,False,False,r
2,61091.15184720105,lsst,63.86903960212518,-46.589820846962354,170028485725126711,170032897328676957,0,170028485725126711,25674.078,487.0353,0,0,0,294604.34,480.8448,True,2026021900157,173,0.0,3.950031e-06,4.0514005e-06,5.669242e-13,316.7016,0.07040824,2437.192,0.073643155,False,26026.873,781.2573,False,False,False,52.322613,,1797.4062,1681,24051.42,3.6139405,63.86903577844133,,-46.589821316352975,,0.5277306,,-119.76715,,,0,False,,,,,,,,0,False,False,False,268309.25,90.74672,0.21389878,0.22339591,-0.011001125,0.2261032,0.23493865,-0.014949573,False,False,False,False,0.015182851,0.5300429,False,False,61091.156096420775,,36,False,False,False,False,False,False,False,False,False,False,False,False,False,False,False,False,False,False,False,False,False,r
2,61091.15271300959,lsst,63.86903875936113,-46.58984943169252,170028485725126711,170032897585053820,0,170028485725126711,20687.85,471.80597,0,0,0,294616.53,464.9979,True,2026021900159,150,0.0,5.661074e-06,5.4090256e-06,-1.2203466e-12,628.3666,0.10257676,3616.3474,0.09665028,False,24969.975,758.80896,False,False,False,43.789154,,1827.4043,1681,21055.22,0.5877971,63.869038957505104,,-46.58985502242394,,1.0414145,,-103.13726,,,0,False,,,,,,,,0,False,False,False,273319.22,113.997154,0.3132412,0.27641234,-0.046090275,0.23115098,0.2513804,-0.027615638,False,False,False,False,0.25716987,0.4953145,False,False,61091.156421853506,,32,False,False,False,False,False,False,False,False,False,False,False,False,False,False,False,False,False,False,False,False,False,r
2,61091.15444985288,lsst,63.86904132275018,-46.58983968119682,170028485725126711,170032898130837570,0,170028485725126711,25483.13,506.84396,0,0,0,302764.78,499.98645,True,2026021900163,167,0.0,4.27136e-06,4.32147e-06,5.4353444e-14,3793.8508,0.07686615,2013.7681,0.07792993,False,26100.578,800.95337,False,False,False,49.669598,,1868.7745,1681,25698.158,8.347977,63.86903869896256,,-46.58984085533884,,1.1423652,,-127.69184,,,0,False,,,,,,,,0,False,False,False,276527.1,77.00825,0.24556963,0.2517902,-0.062151004,0.24217813,0.25060964,-0.047195796,False,False,False,False,0.00053095166,0.5632629,False,False,61091.15816566099,,38,False,False,False,False,False,False,False,False,False,False,False,False,False,False,False,False,False,False,False,False,False,r
2,61091.15721669306,lsst,63.86900989481111,-46.58983430756895,170028485725126711,170032898942959760,0,170028485725126711,24048.775,489.00415,0,0,0,288988.1,483.57425,True,2026021900169,180,0.0,4.2968786e-06,4.3024515e-06,1.1493172e-13,1852.4458,0.07714686,3355.351,0.077725336,False,24738.773,790.86487,False,False,False,48.582687,,1710.1099,1681,22103.533,0.4178952,63.86900924507915,,-46.58983416533302,,0.5084887,,-120.38966,,,0,False,,,,,,,,0,False,False,False,264186.9,83.098236,0.21432123,0.22829562,-0.008618093,0.21726075,0.21255879,0.006537309,False,False,False,False,0.004756657,0.49768347,False,False,61091.15999939396,,32,False,False,False,False,False,False,False,False,False,False,False,False,False,False,False,False,False,False,False,False,False,r
2,61091.158084597024,lsst,63.869052984133845,-46.58982061157804,170028485725126711,170032899207200775,0,170028485725126711,26421.117,505.83066,0,0,0,298949.56,497.12994,True,2026021900171,172,0.0,4.001175e-06,4.1797557e-06,1.1183324e-12,2330.1968,0.07061164,122.30377,0.07657789,False,25733.285,802.0746,False,False,False,51.7471,,1928.2489,1681,25606.285,11.115072,63.86905325764246,,-46.58981962626165,,1.0318441,,-120.71542,,,0,False,,,,,,,,0,False,False,False,271713.62,63.442825,0.20464954,0.25182042,-0.04408406,0.2268534,0.23125298,-0.013555058,False,False,False,False,7.307989e-05,0.50409335,False,False,61091.160212256356,,38,False,False,False,False,False,False,False,False,False,False,False,False,False,False,False,False,False,False,False,False,False,r
2,61091.158956368585,lsst,63.86906294763373,-46.589852514033204,170028485725126711,170032899479830562,0,170028485725126711,25378.318,484.12384,0,0,0,278554.94,472.84,True,2026021900173,180,0.0,4.529117e-06,3.819001e-06,-2.8807794e-12,625.79004,0.08378784,459.7859,0.06598037,False,26955.82,796.0018,False,False,False,51.86194,,1855.5756,1681,24782.402,5.616164,63.86906487541269,,-46.58985386249533,,0.9478788,,-75.96781,,,0,False,,,,,,,,0,False,False,False,252381.48,77.21449,0.2632933,0.18365414,-0.011637117,0.22521545,0.19031079,0.005106369,False,False,False,False,0.029276365,0.6134095,False,False,61091.1607852088,,56,False,False,False,False,False,False,False,False,False,False,False,False,False,False,False,False,False,False,False,False,False,r
2,61091.15982112895,lsst,63.869044457822135,-46.58982195713689,170028485725126711,170032899746693172,0,170028485725126711,23835.19,515.3304,0,0,0,304213.03,508.4703,True,2026021900175,177,0.0,4.7194467e-06,5.1402685e-06,1.2810282e-12,2620.1838,0.0842589,1637.6243,0.09338331,False,23675.592,813.5399,False,False,False,45.990906,,1797.8802,1681,24046.795,7.0905995,63.869041864523396,,-46.58982261159523,,1.1663381,,-130.29356,,,0,False,,,,,,,,0,False,False,False,279761.66,76.29757,0.23166303,0.28152105,-0.05998666,0.240124,0.2473633,-0.021242902,False,False,False,False,0.016830347,0.5238213,False,False,61091.161447338854,,31,False,False,False,False,False,False,False,False,False,False,False,False,False,False,False,False,False,False,False,False,False,r
4,61094.09775968721,lsst,63.86899879097389,-46.58980022555177,170028485725126711,170046084224122961,0,170028485725126711,17983.639,867.4141,0,0,0,535835.8,863.0796,True,2026022200103,180,0.0,1.107848e-05,1.1313459e-05,8.829861e-12,2505.6577,0.1940644,2361.8677,0.209067,False,14615.212,1459.1442,False,False,False,20.742464,,1715.5708,1681,18723.348,29.649769,63.86900070108946,,-46.589802332029265,,1.1758568,,25.992235,,,0,False,,,,,,,,0,False,False,False,517664.5,70.654465,0.22348012,0.34562248,0.023000278,0.31112516,0.2567135,0.0025579324,False,False,False,False,3.522173e-05,0.47657406,False,False,61094.099569370905,,26,False,False,False,False,False,False,False,False,False,False,False,False,False,False,False,False,False,False,False,False,False,z
4,61094.09862962444,lsst,63.869022012506704,-46.589868141419316,170028485725126711,170046084494131230,0,170028485725126711,16636.154,812.97986,0,0,0,476653.4,810.0469,True,2026022200105,183,0.0,1.3587126e-05,1.1452151e-05,-4.650426e-11,688.4358,0.2618912,1102.1774,0.18408602,False,17360.615,1456.2682,False,False,False,20.063742,,1769.5284,1681,17659.914,29.693483,63.869010261899376,,-46.58986558981615,,1.3029375,,-43.067265,,,0,False,,,,,,,,0,False,False,False,459720.16,136.27275,0.3443499,0.20629302,0.045998055,0.2577694,0.20868054,0.009839135,False,False,False,False,0.17333141,0.46613467,False,False,61094.10025946263,,29,False,False,False,False,False,False,False,False,False,False,False,False,False,False,False,False,False,False,False,False,False,z
4,61094.09949580109,lsst,63.86910778785561,-46.58981019181473,170028485725126711,170046084756799539,0,170028485725126711,17566.543,788.1906,0,0,0,453151.78,783.3149,True,2026022200107,172,0.0,9.831852e-06,9.412638e-06,-4.6693066e-12,677.6193,0.17891131,1513.2001,0.16754083,False,18913.064,1448.0927,False,False,False,21.866018,,1852.1998,1681,17388.67,16.857153,63.86910782545788,,-46.58981059215496,,0.88769937,,-111.711044,,,0,False,,,,,,,,0,False,False,False,435127.38,95.88834,0.21067746,0.21404152,-0.036053166,0.22148474,0.20336933,-0.008992677,False,False,False,False,5.3750614e-07,0.47084692,False,False,61094.101163961386,,30,False,False,False,False,False,False,False,False,False,False,False,False,False,False,False,False,False,False,False,False,False,z
4,61094.1003647156,lsst,63.86903610168219,-46.58986468430715,170028485725126711,170046085025759283,0,170028485725126711,19549.064,814.6104,0,0,0,470077.7,809.64484,True,2026022200109,173,0.0,8.177296e-06,7.979957e-06,-1.1562965e-12,552.81696,0.1476019,1753.535,0.14336747,False,20095.543,1476.6353,False,False,False,23.231564,,1686.5543,1681,18366.496,17.158583,63.8690386000149,,-46.58986416668257,,0.48504916,,-7.8783298,,,0,False,,,,,,,,0,False,False,False,450082.1,143.42863,0.19656444,0.20887281,0.008000233,0.24128373,0.211316,0.011564321,False,False,False,False,0.05964297,0.47498256,False,False,61094.1019517892,,28,False,False,False,False,False,False,False,False,False,False,False,False,False,False,False,False,False,False,False,False,False,z
4,61094.10122968349,lsst,63.86901823869168,-46.589839267024196,170028485725126711,170046085293146122,0,170028485725126711,22241.434,883.0885,0,0,0,532578.0,880.65594,True,2026022200111,171,0.0,9.582997e-06,9.104715e-06,-2.1248953e-12,755.78156,0.1729399,461.2973,0.16356024,False,21184.611,1485.194,False,False,False,25.22877,,1668.4156,1681,22304.365,8.208238,63.86901945430048,,-46.58983808453129,,0.9757962,,-47.684254,,,0,False,,,,,,,,0,False,False,False,509745.0,76.76703,0.2900004,0.24605326,0.03746416,0.26540732,0.25899813,0.010164408,False,False,False,False,0.003231843,0.48346785,False,False,61094.103010324754,,28,False,False,False,False,False,False,False,False,False,False,False,False,False,False,False,False,False,False,False,False,False,z
4,61094.10313295621,lsst,63.86906503904705,-46.589842636485095,170028485725126711,170046085815336976,0,170028485725126711,17960.906,911.7107,0,0,0,527942.9,911.72107,True,2026022200115,143,0.0,1.0027881e-05,9.95932e-06,-1.7745985e-11,3918.2476,0.19519028,723.47076,0.16315362,False,14029.261,1542.6365,False,False,False,19.562288,,1735.5981,1681,17093.072,7.9611316,63.869070390828014,,-46.58984134735713,,0.8720385,,-24.551924,,,0,False,,,,,,,,0,False,False,False,509710.06,62.207336,0.21283047,0.16135472,0.023943108,0.28343546,0.24727553,-0.013295894,False,False,False,False,0.43848333,0.46089762,False,False,61094.10473069733,,24,False,False,False,False,False,False,False,False,False,False,False,False,False,False,False,False,False,False,False,False,False,z
2,61094.10552651164,lsst,63.86901584169326,-46.5898334337138,170028485725126711,170046086100549716,0,170028485725126711,19454.617,508.5873,0,0,0,322324.38,500.0911,True,2026022200117,175,0.0,6.2366103e-06,6.241262e-06,3.084083e-13,3631.9653,0.11186388,3038.5051,0.112930484,False,18904.922,764.9471,False,False,False,38.004055,,1783.0035,1681,18800.775,5.8450193,63.869014799683505,,-46.58983232061198,,0.7946365,,-117.13309,,,0,False,,,,,,,,0,False,False,False,302399.1,53.82622,0.24102959,0.28174505,-0.01918057,0.2891299,0.27659178,-0.01216711,False,False,False,False,0.040002555,0.48620278,False,False,61094.1073833386,,31,False,False,False,False,False,False,False,False,False,False,False,False,False,False,False,False,False,False,False,False,False,r
2,61094.10638893935,lsst,63.869002786211915,-46.589805442337486,170028485725126711,170046086352207934,0,170028485725126711,17228.225,485.9718,0,0,0,322814.9,472.39218,True,2026022200119,143,0.0,7.164518e-06,7.0375495e-06,-2.4781234e-12,2276.349,0.13106366,1986.0138,0.1244539,False,18403.377,733.2693,False,False,False,35.18303,,1720.9509,1681,17486.639,6.726108,63.8690025218904,,-46.58980324253267,,1.0827746,,-112.28676,,,0,False,,,,,,,,0,False,False,False,305101.3,42.122585,0.27985603,0.32578802,-0.04878836,0.32614496,0.27459645,-0.009133878,False,False,False,False,0.00049984205,0.48531795,False,False,61094.108258719665,,38,False,False,False,False,False,False,False,False,False,False,False,False,False,False,False,False,False,False,False,False,False,r
2,61094.10725373378,lsst,63.86899055431608,-46.58982025132668,170028485725126711,170046086619070545,0,170028485725126711,19169.557,461.79858,0,0,0,291072.6,445.4652,True,2026022200121,140,0.0,1.812907e-06,1.7446331e-06,-2.002114e-13,3138.113,0.033165008,2314.4534,0.030809399,False,14739.979,736.4834,False,False,False,42.638184,,2191.7673,1681,19600.568,1.7041517,63.86904792096625,,-46.58983060395504,,0.8831683,,-122.30535,,,0,False,207869.89,1322.5458,0.0,2645.0916,0.01723794,113.80225,19364.86,4800,False,False,False,271824.03,87.09728,0.20418683,0.24371031,-0.029508017,0.27995464,0.2187654,-0.008270935,False,False,False,False,0.06263444,0.48948655,True,True,61094.10904463696,,48,False,False,False,False,False,False,False,False,False,False,False,False,False,False,False,False,False,False,False,False,False,r
2,61094.108123312966,lsst,63.86905962566345,-46.58984594879203,170028485725126711,170046086907428877,0,170028485725126711,19718.51,468.41702,1,0,0,271194.75,454.74026,True,2026022200123,178,0.0,5.0468334e-06,4.3396285e-06,-3.4093622e-12,2990.2476,0.09338392,321.4211,0.07521787,True,13689.349,772.4613,True,False,False,41.83098,,2298.8027,1681,,,,,,,,,,,,0,False,,,,,,,,0,True,False,False,251238.12,112.07978,0.23243405,0.1896209,-0.0060440195,0.25149584,0.19702731,0.00066568924,True,False,False,False,,0.4841037,False,False,61094.110281071175,,91,False,False,False,False,False,False,False,False,False,False,False,False,False,False,False,False,False,False,False,False,False,r
2,61094.108989187225,lsst,63.86900001947533,-46.58986800316262,170028485725126711,170046087173243003,0,170028485725126711,16133.647,473.62192,0,0,0,293475.9,466.2304,True,2026022200125,173,0.0,7.335867e-06,6.765909e-06,-2.6679331e-12,1767.144,0.13300908,3766.8994,0.12083964,False,17213.111,748.71533,False,False,False,33.867367,,1688.5149,1681,15703.402,0.2466802,63.8690001890147,,-46.58986852705266,,0.8411696,,-94.96995,,,0,False,,,,,,,,0,False,False,False,277060.7,67.72497,0.30112305,0.2557999,-0.021796877,0.24987641,0.24720633,-0.008041149,False,False,False,False,0.08618661,0.4838449,False,False,61094.11085999483,,32,False,False,False,False,False,False,False,False,False,False,False,False,False,False,False,False,False,False,False,False,False,r
2,61094.10985255918,lsst,63.86905920029759,-46.58986756371727,170028485725126711,170046087425949803,0,170028485725126711,16378.015,459.21866,0,0,0,297507.12,452.27255,True,2026022200127,143,0.0,7.791833e-06,5.68575e-06,-5.7970954e-12,947.59644,0.14149499,3511.3254,0.100565635,False,16832.86,725.26324,False,False,False,35.026257,,1728.8578,1681,16923.771,0.40722066,63.86906003490982,,-46.589867319983696,,1.2342153,,-97.125916,,,0,False,,,,,,,,0,False,False,False,280810.88,73.57641,0.33606997,0.21859768,-0.043533325,0.3083694,0.2286763,0.005750238,False,False,False,False,0.007201235,0.48313004,False,False,61094.111638952134,,32,False,False,False,False,False,False,False,False,False,False,False,False,False,False,False,False,False,False,False,False,False,r
2,61094.110722669764,lsst,63.86904373247274,-46.58982995699113,170028485725126711,170046087710113815,0,170028485725126711,16591.34,459.2516,1,0,0,270981.3,445.06458,True,2026022200129,173,0.0,6.7882575e-06,5.34814e-06,-1.5613213e-12,1860.2217,0.122327045,506.73682,0.09608845,True,12639.612,762.66113,True,False,False,36.08672,,2212.3516,1681,,,,,,,,,,,,0,False,,,,,,,,0,True,False,False,254225.06,99.16332,0.2710432,0.18132515,-0.016024834,0.24045947,0.19386183,-0.0004905152,True,False,False,False,,0.48143476,False,False,61094.11252153676,,60,False,False,False,False,False,False,False,False,False,False,False,False,False,False,False,False,False,False,False,False,False,r
2,61094.111663901174,lsst,63.86899449484889,-46.58982366248989,170028485725126711,170046087980646410,0,170028485725126711,20141.137,485.01144,0,0,0,291995.06,471.59686,True,2026022200131,177,0.0,2.0850898e-06,1.903703e-06,-1.8463233e-13,34.660152,0.037725236,321.57352,0.034124214,False,18581.436,775.6539,False,False,False,44.750423,,2283.3167,1681,22329.027,7.321343,63.86901784908873,,-46.58988536568839,,1.1594094,,-69.966385,,,0,False,187291.06,1364.5516,0.0,2729.1033,0.031775847,170.71666,20095.113,2688,False,False,False,271502.53,81.82873,0.29029465,0.1633009,0.015087156,0.28339565,0.21432304,0.009213602,False,False,False,False,0.047814444,0.5088971,True,True,61094.11341009796,,33,False,False,False,False,False,False,False,False,False,False,False,False,False,False,False,False,False,False,False,False,False,r
2,61094.11339596627,lsst,63.869007917928506,-46.58984662278709,170028485725126711,170046088515944512,0,170028485725126711,18708.543,496.64072,0,0,0,312512.1,484.57178,True,2026022200135,174,0.0,6.861416e-06,6.0031266e-06,-2.867874e-13,698.9337,0.12350369,1502.1139,0.10820691,False,20461.498,759.70746,False,False,False,37.524372,,1680.5308,1681,18754.104,3.0830612,63.86901075949746,,-46.589845232057485,,1.0348359,,-112.4127,,,0,False,,,,,,,,0,False,False,False,293352.78,65.38692,0.3167981,0.2506037,-0.03630925,0.2868945,0.2694596,0.015223918,False,False,False,False,0.002742306,0.48945257,False,False,61094.11514431382,,30,False,False,False,False,False,False,False,False,False,False,False,False,False,False,False,False,False,False,False,False,False,r
2,61094.11426337199,lsst,63.869023658453244,-46.58985195598032,170028485725126711,170046088762884188,0,170028485725126711,17640.336,450.64822,1,0,0,280760.8,436.6772,True,2026022200137,133,0.0,5.919474e-06,4.952847e-06,7.782918e-13,3567.0488,0.106611565,2533.8848,0.089081466,True,15180.527,732.72644,True,False,False,38.973408,,2047.4034,1681,,,,,,,,,,,,0,False,,,,,,,,0,True,False,False,262936.03,110.26175,0.26079798,0.19707929,-0.012980232,0.2618156,0.2179868,0.007683997,True,False,False,False,,0.48602012,False,False,61094.11603111624,,65,False,False,False,False,False,False,False,False,False,False,False,False,False,False,False,False,False,False,False,False,False,r
2,61094.11512935232,lsst,63.86899288696956,-46.58984784436976,170028485725126711,170046089047572502,0,170028485725126711,18918.834,488.52432,0,0,0,296993.7,470.30615,True,2026022200139,164,0.0,6.2424774e-06,5.739366e-06,1.1197624e-12,2816.1833,0.11262822,480.6989,0.10306445,False,17846.484,772.02094,False,False,False,38.361088,,1811.7389,1681,18396.877,2.3206103,63.868992647189586,,-46.589848769878145,,0.6772609,,-90.775665,,,0,False,,,,,,,,0,False,False,False,277914.6,84.30868,0.26811767,0.23031498,0.0066008857,0.26565698,0.2554456,0.0073458226,False,False,False,False,0.012257849,0.48804834,False,False,61094.11684887692,,33,False,False,False,False,False,False,False,False,False,False,False,False,False,False,False,False,False,False,False,False,False,r
2,61094.1159943072,lsst,63.869046062237565,-46.58985350100559,170028485725126711,170046089298182268,0,170028485725126711,16042.052,454.408,0,0,0,293225.4,443.99738,True,2026022200141,130,0.0,8.733731e-06,6.0806956e-06,1.2533177e-11,454.90332,0.16091327,3852.2424,0.103920765,False,19020.768,728.33594,False,False,False,34.488914,,1881.6421,1681,18411.742,1.3250779,63.869053923171265,,-46.58985453944988,,1.61949,,-99.19782,,,0,False,,,,,,,,0,False,False,False,276601.84,94.08227,0.49415228,0.23902272,0.03231606,0.30554247,0.25462627,0.05656716,False,False,False,False,0.4872497,0.4813993,False,False,61094.11800171348,,40,False,False,False,False,False,False,False,False,False,False,False,False,False,False,False,False,False,False,False,False,False,r
2,61094.117912554284,lsst,63.869037110927984,-46.589854033868264,170028485725126711,170046089841344572,0,170028485725126711,16552.52,447.6529,1,0,0,277505.28,433.58163,True,2026022200145,142,0.0,5.931501e-06,5.2220666e-06,-3.164596e-12,1054.615,0.108357966,1855.2034,0.0920776,True,12244.081,733.29114,True,False,False,36.47216,,2126.7742,1681,,,,,,,,,,,,0,False,,,,,,,,0,True,False,False,260971.45,97.74352,0.26509267,0.18811154,0.011460659,0.25712112,0.21706395,0.01171494,True,False,False,False,,0.48355195,False,False,61094.119550690375,,68,False,False,False,False,False,False,False,False,False,False,False,False,False,False,False,False,False,False,False,False,False,r
3,61095.023437639145,lsst,63.869053389018035,-46.58984559334605,170028485725126711,170050471524302886,0,170028485725126711,23562.844,485.061,0,0,0,267499.7,487.514,True,2026022300023,163,0.0,2.649502e-06,2.6930243e-06,-6.584239e-15,1312.6825,0.047719397,749.8363,0.048528634,False,24610.666,1038.8032,False,False,False,46.959557,,1996.0157,1681,22589.646,5.3123097,63.869054695673114,,-46.58984344359434,,0.57891095,,-120.69285,,,0,False,,,,,,,,0,False,False,False,243106.34,92.11576,0.10092122,0.08654693,-0.013502406,0.12948075,0.118640274,-0.0011939345,False,False,False,False,0.16943507,0.49216455,False,False,61095.0251566925,,36,False,False,False,False,False,False,False,False,False,False,False,False,False,False,False,False,False,False,False,False,False,i
3,61095.02430098217,lsst,63.86905101115625,-46.58983780873813,170028485725126711,170050471792214151,0,170028485725126711,24032.723,474.64325,0,0,0,247189.55,471.0991,True,2026022300025,162,0.0,2.59474e-06,2.0963485e-06,2.4868752e-13,3154.169,0.046840668,2784.3882,0.037678435,False,25630.357,1054.5554,False,False,False,49.33621,,2152.8203,1681,23668.486,7.161588,63.869053873511525,,-46.58983780800545,,0.6235981,,-108.6557,,,0,False,,,,,,,,0,False,False,False,222158.67,138.72922,0.092328966,0.058806755,-0.007815612,0.11662034,0.08963174,0.006043907,False,False,False,False,0.168531,0.48363954,False,False,61095.02617304381,,31,False,False,False,False,False,False,False,False,False,False,False,False,False,False,False,False,False,False,False,False,False,i
3,61095.041992520986,lsst,63.86903940319344,-46.589821407408046,170028485725126711,170050472715485191,0,170028485725126711,21299.39,532.8067,0,0,0,326411.6,534.391,True,2026022300032,131,0.0,3.5433634e-06,3.5912549e-06,-3.028755e-13,2750.7617,0.06331445,212.19478,0.06508408,False,18128.064,992.10474,False,False,False,39.19449,,1921.4229,1681,20294.924,5.6130266,63.869035441709755,,-46.58981760754835,,0.29507625,,-38.55675,,,0,False,,,,,,,,0,False,False,False,304939.88,143.06897,0.113187045,0.12024443,0.0011010617,0.16234428,0.18750797,0.013524141,False,False,False,False,0.38377932,0.4917687,False,False,61095.04371650443,,26,False,False,False,False,False,False,False,False,False,False,False,False,False,False,False,False,False,False,False,False,False,i
3,61095.04286995345,lsst,63.86905211211837,-46.58984216047331,170028485725126711,170050472983920692,0,170028485725126711,21691.46,537.6371,0,0,0,328908.22,536.07837,True,2026022300034,131,0.0,3.528294e-06,3.6050224e-06,-8.7839225e-13,1466.5757,0.061831526,1668.7893,0.06649525,False,14836.706,1001.45624,False,False,False,39.03216,,1822.256,1681,20623.541,17.495403,63.869052412469614,,-46.58983820434688,,0.55477816,,-94.29677,,,0,False,,,,,,,,0,False,False,False,307006.88,202.96048,0.12056514,0.108392775,0.012306297,0.16299567,0.19691858,0.0059095304,False,False,False,False,0.44879106,0.4885503,False,False,61095.04462235012,,23,False,False,False,False,False,False,False,False,False,False,False,False,False,False,False,False,False,False,False,False,False,i
3,61095.04388185167,lsst,63.86901296115213,-46.58982590781418,170028485725126711,170050473273851938,0,170028485725126711,18109.643,496.3307,0,0,0,283481.62,492.90326,True,2026022300036,172,0.0,1.5760639e-06,1.4304666e-06,5.4842534e-14,990.5912,0.028406726,773.39087,0.025730079,False,8658.684,1005.70605,False,False,False,36.41147,,2268.4558,1681,18176.584,7.027311,63.86903823001449,,-46.58982826082006,,0.7128507,,-114.70439,,,0,False,213549.89,1634.9631,0.0,3269.9263,0.010043679,114.231,54772.824,3840,False,False,False,265323.2,162.54268,0.11375208,0.07406059,-0.014085813,0.14736193,0.12219512,0.010108634,False,False,False,False,0.26666185,0.48170438,True,True,61095.045535045865,,58,False,False,False,False,False,False,False,False,False,False,False,False,False,False,False,False,False,False,False,False,False,i
3,61095.04561661396,lsst,63.869017669150374,-46.58982635068156,170028485725126711,170050473790275691,0,170028485725126711,20286.14,492.67618,0,0,0,279847.66,492.78156,True,2026022300040,133,0.0,2.001067e-06,1.9229433e-06,1.1432188e-13,1276.1012,0.03620456,2733.8625,0.03446258,False,14526.677,1000.5583,False,False,False,41.200035,,2074.6545,1681,20125.713,5.1891522,63.869054025729014,,-46.58983839130666,,0.5687113,,-94.170525,,,0,False,179364.16,1808.4197,0.0,3616.8394,0.014910506,122.739586,69355.75,1380,False,False,False,259226.55,121.48374,0.10173492,0.075999156,0.0072839563,0.13330688,0.122262366,0.01274408,False,False,False,False,0.25671545,0.48334116,True,True,61095.047425410994,,26,False,False,False,False,False,False,False,False,False,False,False,False,False,False,False,False,False,False,False,False,False,i
3,61095.0464849703,lsst,63.86904218645334,-46.58982672629304,170028485725126711,170050474058711185,0,170028485725126711,20125.385,491.25153,1,0,0,279262.56,491.40875,True,2026022300042,133,0.0,3.2426835e-06,3.0176823e-06,8.3173475e-13,1406.3202,0.059452992,3526.0466,0.05319948,True,8621.93,1003.67126,True,False,False,40.38853,,2116.983,1681,,,,,,,,,,,,0,False,,,,,,,,0,True,False,False,258924.78,136.07379,0.11060386,0.07493782,0.012162211,0.13409564,0.12430081,0.016017262,True,False,False,False,,0.46221063,False,False,61095.04833159248,,42,False,False,False,False,False,False,False,False,False,False,False,False,False,False,False,False,False,False,False,False,False,i
3,61095.047351237525,lsst,63.86905622385862,-46.58984592595128,170028485725126711,170050474326098058,0,170028485725126711,20423.73,467.32053,0,0,0,251260.45,464.61212,True,2026022300044,131,0.0,2.9021178e-06,2.871179e-06,1.5260181e-13,338.8608,0.05250746,2884.4224,0.051418826,False,14089.561,1004.5552,False,False,False,43.080273,,1935.7308,1681,19413.268,9.745234,63.86905792292052,,-46.58984344089483,,0.41991657,,-81.34351,,,0,False,,,,,,,,0,False,False,False,230254.61,161.90794,0.078205295,0.07515673,0.0076367254,0.10453263,0.1035664,0.0127150575,False,False,False,False,0.1647385,0.47409958,False,False,61095.04914774711,,17,False,False,False,False,False,False,False,False,False,False,False,False,False,False,False,False,False,False,False,False,False,i
1,61095.05410202306,lsst,63.869105163591605,-46.589826565381244,170028485725126711,170050475955060800,0,170028485725126711,11346.017,327.54318,0,0,0,128731.63,313.98264,True,2026022300056,166,0.0,5.2186183e-06,4.783144e-06,-4.56543e-13,142.78734,0.09405964,2049.718,0.08613944,False,10695.866,614.14825,False,False,False,33.89192,,1951.159,1681,11571.767,1.6854206,63.869110090068425,,-46.58982837196763,,0.8078469,,-91.150734,,,0,False,,,,,,,,0,False,False,False,116864.37,98.899445,0.2168812,0.15904632,-0.006800718,0.19743887,0.1604637,0.010856047,False,False,False,False,0.011305535,0.48034623,False,False,61095.05573736694,,24,False,False,False,False,False,False,False,False,False,False,False,False,False,False,False,False,False,False,False,False,False,g
1,61095.054971872436,lsst,63.869067778394374,-46.589822195183245,170028485725126711,170050476226117742,0,170028485725126711,10803.077,321.35992,0,0,0,124902.484,305.46066,True,2026022300058,171,0.0,5.2637174e-06,4.6935575e-06,7.5392654e-14,1882.7034,0.09471585,2978.8496,0.08454713,False,11623.697,611.3403,False,False,False,32.991875,,1869.1777,1681,10976.69,4.6486616,63.869070196179074,,-46.589823902920806,,0.91053456,,-54.751457,,,0,False,,,,,,,,0,False,False,False,113354.81,129.67673,0.1618589,0.13759346,0.03794598,0.16975005,0.13613178,0.015270831,False,False,False,False,0.0016885842,0.48357162,False,False,61095.05655213946,,25,False,False,False,False,False,False,False,False,False,False,False,False,False,False,False,False,False,False,False,False,False,g
1,61095.0567174828,lsst,63.869062054197386,-46.58983167977817,170028485725126711,170050476745687112,0,170028485725126711,9628.806,305.68115,0,0,0,122104.11,290.16983,True,2026022300062,138,0.0,5.9380122e-06,4.934615e-06,2.4916924e-12,2184.0981,0.10760844,2053.3877,0.08778694,False,10777.75,588.90625,False,False,False,31.268934,,1825.4154,1681,9199.362,0.6802343,63.86906187498124,,-46.589832110281804,,0.53132844,,-106.20122,,,0,False,,,,,,,,0,False,False,False,111567.48,159.1807,0.15503585,0.13053441,-0.0016805251,0.16541375,0.12362198,-0.002252714,False,False,False,False,0.00051854394,0.48048648,False,False,61095.058307112966,,23,False,False,False,False,False,False,False,False,False,False,False,False,False,False,False,False,False,False,False,False,False,g
1,61095.05758413309,lsst,63.86907275335461,-46.58984842949296,170028485725126711,170050477014122625,0,170028485725126711,9363.022,325.2704,0,0,0,137325.62,309.84995,True,2026022300064,138,0.0,7.079318e-06,5.61202e-06,7.0002003e-12,1414.8164,0.13026787,3831.6921,0.09717105,False,8253.047,579.80554,False,False,False,28.236866,,1672.4861,1681,9155.549,4.5927286,63.86907134475894,,-46.589848018837834,,0.7670982,,-106.312744,,,0,False,,,,,,,,0,False,False,False,127651.66,100.867874,0.1859502,0.13221902,0.002045912,0.22088422,0.16417171,0.013865064,False,False,False,False,0.1350541,0.47720125,False,False,61095.05918113755,,24,False,False,False,False,False,False,False,False,False,False,False,False,False,False,False,False,False,False,False,False,False,g
1,61095.05848169954,lsst,63.869076593400735,-46.58985287930838,170028485725126711,170050477299859460,0,170028485725126711,9191.301,329.2362,0,0,0,130897.586,312.9409,True,2026022300066,171,0.0,7.5324283e-06,5.924436e-06,8.464988e-12,1107.579,0.138951,115.70192,0.10214665,False,7711.038,606.8546,False,False,False,27.176891,,1763.5773,1681,9500.514,5.312933,63.8690734302489,,-46.589852136492574,,0.9781546,,-95.18432,,,0,False,,,,,,,,0,False,False,False,121449.23,117.83388,0.21805659,0.13700199,0.021325573,0.195014,0.15922774,0.02256769,False,False,False,False,2.3540146e-05,0.4765669,False,False,61095.060089485785,,25,False,False,False,False,False,False,False,False,False,False,False,False,False,False,False,False,False,False,False,False,False,g
1,61095.059353046134,lsst,63.86905786502111,-46.58982201220135,170028485725126711,170050477546799194,0,170028485725126711,9702.869,315.57968,0,0,0,129232.07,299.86038,True,2026022300068,130,0.0,6.2793697e-06,5.7577226e-06,3.6225565e-12,1147.3733,0.11533759,2474.4565,0.100996934,False,10338.193,584.40045,False,False,False,30.315409,,1767.2048,1681,9374.399,1.8918664,63.869058404853234,,-46.58982232980483,,0.6847042,,-88.51185,,,0,False,,,,,,,,0,False,False,False,118910.06,112.99875,0.1767429,0.1511099,0.016641838,0.17059304,0.15956803,0.011295396,False,False,False,False,0.00020158972,0.4790647,False,False,61095.06099409667,,24,False,False,False,False,False,False,False,False,False,False,False,False,False,False,False,False,False,False,False,False,False,g
1,61095.0602204941,lsst,63.86904466573055,-46.58984248748152,170028485725126711,170050477814710397,0,170028485725126711,9143.36,321.41547,0,0,0,133344.23,308.20703,True,2026022300070,129,0.0,6.8263566e-06,6.684337e-06,1.6996804e-12,2118.6357,0.1241862,3770.014,0.118976966,False,11385.241,584.6479,False,False,False,27.858242,,1802.0234,1681,9479.488,3.5785089,63.869045973306456,,-46.5898454724525,,1.1101886,,-78.15751,,,0,False,,,,,,,,0,False,False,False,123745.05,97.864105,0.20003602,0.19093679,0.060275406,0.18187787,0.16708432,0.019619899,False,False,False,False,0.061268646,0.48129842,False,False,61095.06192178734,,31,False,False,False,False,False,False,False,False,False,False,False,False,False,False,False,False,False,False,False,False,False,g
1,61095.06108659723,lsst,63.86907172123102,-46.58984053853829,170028485725126711,170050478084718604,0,170028485725126711,9498.601,318.70074,0,0,0,129797.664,303.95706,True,2026022300072,132,0.0,6.1705364e-06,6.109941e-06,1.1572281e-12,2090.8308,0.112303555,354.03494,0.10873978,False,9836.482,586.9309,False,False,False,29.621254,,1763.7965,1681,9486.526,3.1097422,63.86907039929608,,-46.58984045870852,,0.82749313,,-87.02119,,,0,False,,,,,,,,0,False,False,False,119782.92,122.442345,0.17418133,0.16341333,0.031185145,0.17126492,0.16486616,0.025960203,False,False,False,False,7.966908e-05,0.48087376,False,False,61095.06273253178,,23,False,False,False,False,False,False,False,False,False,False,False,False,False,False,False,False,False,False,False,False,False,g
1,61095.061951579715,lsst,63.869064563683864,-46.58982127923468,170028485725126711,170050478352105492,0,170028485725126711,9862.333,313.67273,0,0,0,128779.516,299.75378,True,2026022300074,130,0.0,5.534162e-06,5.5359465e-06,-3.9379776e-13,1960.6816,0.098946586,459.0254,0.10022749,False,11540.524,584.56134,False,False,False,30.849258,,1770.4452,1681,9874.426,3.74581,63.86906237930194,,-46.58982178933187,,0.8510936,,-88.67638,,,0,False,,,,,,,,0,False,False,False,118203.76,119.51321,0.16104876,0.15888754,0.033875715,0.16539228,0.15941705,0.025505722,False,False,False,False,0.00091267726,0.48361602,False,False,61095.06362745821,,34,False,False,False,False,False,False,False,False,False,False,False,False,False,False,False,False,False,False,False,False,False,g
1,61095.0636826744,lsst,63.86904191035783,-46.589839932537046,170028485725126711,170050478860140560,0,170028485725126711,10449.176,336.0582,0,0,0,130072.52,323.39078,True,2026022300078,75,0.0,6.3064344e-06,5.736026e-06,-9.706992e-12,3845.9268,0.0919992,460.5899,0.12291456,False,12359.865,624.7906,False,False,False,29.877892,,1979.7191,1681,10518.431,2.955309,63.869038933526944,,-46.58984018706764,,0.93378466,,-69.727036,,,0,False,,,,,,,,0,False,False,False,118996.164,128.22998,0.13331462,0.20515138,0.020736607,0.14538155,0.18678463,0.022015123,False,False,False,False,0.0014947267,0.48274195,False,False,61095.06532511825,,35,False,False,False,False,False,False,False,False,False,False,False,False,False,False,False,False,False,False,False,False,False,g
1,61095.064549306335,lsst,63.86906180862789,-46.58982235264079,170028485725126711,170050479151644739,0,170028485725126711,10300.782,312.52347,0,0,0,127229.34,298.1424,True,2026022300080,119,0.0,5.863023e-06,5.1615575e-06,-6.08297e-12,1948.2434,0.08693088,2054.7566,0.11051098,False,11499.975,588.83093,False,False,False,32.430313,,1797.008,1681,10635.058,6.2607174,63.869061981476804,,-46.58982436515507,,1.0086566,,-81.98365,,,0,False,,,,,,,,0,False,False,False,116098.516,128.3297,0.13499111,0.20870306,0.032874413,0.14008656,0.17967498,0.022841081,False,False,False,False,0.022146149,0.4766598,False,False,61095.06619003481,,29,False,False,False,False,False,False,False,False,False,False,False,False,False,False,False,False,False,False,False,False,False,g
4,61095.067826061655,lsst,63.86907482750536,-46.58984860679197,170028485725126711,170050479713681487,0,170028485725126711,21634.215,704.8706,0,0,0,356864.3,701.4513,True,2026022300084,167,0.0,5.5915552e-06,5.183025e-06,-7.549987e-13,1071.0194,0.100910045,1979.263,0.093254395,False,27604.213,1501.1014,False,False,False,30.259798,,1771.4006,1681,20103.543,4.6747437,63.86907129486951,,-46.58984899768203,,0.3281777,,-140.04863,,,0,False,,,,,,,,0,False,False,False,334535.56,214.63516,0.15653148,0.16086891,-0.004016484,0.14967792,0.121083446,0.018362112,False,False,False,False,0.095771275,0.49022222,False,False,61095.06945383868,,29,False,False,False,False,False,False,False,False,False,False,False,False,False,False,False,False,False,False,False,False,False,z
4,61095.06869295155,lsst,63.86904344440604,-46.589831523228575,170028485725126711,170050479981068355,0,170028485725126711,18549.773,704.7133,0,0,0,360836.62,708.8145,True,2026022300086,165,0.0,5.499088e-06,5.0680587e-06,-3.007757e-13,3391.4304,0.09912074,1489.8676,0.091372,False,14142.324,1512.2728,False,False,False,25.400877,,1843.393,1681,18609.695,19.810041,63.86904223493841,,-46.58983025332028,,0.8287069,,-69.061485,,,0,False,,,,,,,,0,False,False,False,341847.66,238.92082,0.15782505,0.10443834,0.01895496,0.1414701,0.13044903,0.018861175,False,False,False,False,0.0042897672,0.460901,False,False,61095.07031580928,,22,False,False,False,False,False,False,False,False,False,False,False,False,False,False,False,False,False,False,False,False,False,z
4,61095.06956263796,lsst,63.86906153120314,-46.589823144995,170028485725126711,170050480252649586,0,170028485725126711,20103.846,697.9586,0,0,0,353283.4,695.7791,True,2026022300088,171,0.0,5.1777215e-06,5.1212314e-06,1.8186289e-14,1078.8961,0.09322012,2830.2395,0.09230413,False,28668.76,1506.0653,False,False,False,28.071976,,1866.7695,1681,18957.785,0.7325268,63.869061548746515,,-46.5898199089681,,0.5889266,,-19.889936,,,0,False,,,,,,,,0,False,False,False,332272.38,230.45908,0.12432109,0.14992222,0.008576325,0.13069363,0.12003294,0.017575411,False,False,False,False,0.027236668,0.491296,False,False,61095.07126341446,,29,False,False,False,False,False,False,False,False,False,False,False,False,False,False,False,False,False,False,False,False,False,z
4,61095.07043402862,lsst,63.86909965238718,-46.589853732900224,170028485725126711,170050480503783586,0,170028485725126711,21312.523,708.48865,0,0,0,351870.72,715.556,True,2026022300090,138,0.0,5.65101e-06,5.4635166e-06,3.182869e-13,3705.233,0.101761654,3717.3057,0.09828706,False,27179.645,1525.1215,False,False,False,29.688368,,1926.0931,1681,20389.426,0.3278654,63.869095082559596,,-46.589857008191245,,0.7323964,,-132.17598,,,0,False,,,,,,,,0,False,False,False,329680.94,253.29929,0.16279042,0.14392771,-0.022539094,0.12458939,0.12748593,0.00822908,False,False,False,False,0.1376113,0.48203132,False,False,61095.07216470425,,24,False,False,False,False,False,False,False,False,False,False,False,False,False,False,False,False,False,False,False,False,False,z
4,61095.0713115774,lsst,63.86906141416764,-46.589838502551096,170028485725126711,170050480772218956,0,170028485725126711,21579.197,700.3588,0,0,0,344990.3,704.47455,True,2026022300092,138,0.0,4.75313e-06,4.9422547e-06,-5.119804e-13,1707.0917,0.08527442,1914.127,0.08921167,False,25225.316,1524.1033,False,False,False,30.482862,,1760.1321,1681,20192.217,4.1717505,63.869066969861095,,-46.58983775091925,,0.56255984,,-161.36488,,,0,False,,,,,,,,0,False,False,False,322304.1,217.28659,0.11668602,0.12808473,-0.0128745735,0.12490025,0.11126291,0.0056116446,False,False,False,False,0.0039129425,0.48850536,False,False,61095.07309466724,,20,False,False,False,False,False,False,False,False,False,False,False,False,False,False,False,False,False,False,False,False,False,z
4,61095.07217797883,lsst,63.86908287425088,-46.58983608710006,170028485725126711,170050481040654476,0,170028485725126711,21197.564,694.53564,0,0,0,340238.97,694.9346,True,2026022300094,138,0.0,5.946619e-06,4.729595e-06,5.6735094e-12,882.62854,0.11019197,3669.6768,0.08100602,False,33457.19,1532.872,False,False,False,28.799294,,2004.0956,1681,22669.781,8.040542,63.86908086483239,,-46.58984019212817,,1.1213728,,-123.09258,,,0,False,,,,,,,,0,False,False,False,318032.38,205.83456,0.21715875,0.100423045,-0.027240926,0.12854165,0.112857856,0.00905826,False,False,False,False,0.25959644,0.49737787,False,False,61095.073794073716,,29,False,False,False,False,False,False,False,False,False,False,False,False,False,False,False,False,False,False,False,False,False,z
4,61095.073183318236,lsst,63.869075214545,-46.58985077419381,170028485725126711,170050481327439885,0,170028485725126711,22407.9,706.197,0,0,0,370493.0,710.18085,True,2026022300096,173,0.0,5.5229802e-06,4.927656e-06,-9.474367e-13,2224.8115,0.09964607,334.30002,0.088520706,False,24095.863,1496.0782,False,False,False,31.202093,,1774.7786,1681,20451.467,1.8538074,63.86907785402044,,-46.589851764386374,,0.21799588,,-90.593346,,,0,False,,,,,,,,0,False,False,False,347067.66,182.64635,0.14754489,0.14375538,-0.000628689,0.16500962,0.12285456,0.0010014105,False,False,False,False,0.0005130351,0.49357575,False,False,61095.074799769136,,20,False,False,False,False,False,False,False,False,False,False,False,False,False,False,False,False,False,False,False,False,False,z
4,61095.07405065016,lsst,63.86905258628355,-46.58984077057703,170028485725126711,170050481579098226,0,170028485725126711,17918.16,721.3767,0,0,0,364624.16,714.32806,True,2026022300098,141,0.0,6.3592634e-06,6.129631e-06,-1.5597507e-13,315.27237,0.1144726,3071.2295,0.11040086,False,23467.666,1532.151,False,False,False,24.21876,,1733.8907,1681,17657.258,2.6515303,63.86905400790558,,-46.58984113809892,,0.721667,,-99.626785,,,0,False,,,,,,,,0,False,False,False,346225.44,215.72304,0.18294227,0.14021172,-0.009915643,0.1601271,0.12609625,0.009584724,False,False,False,False,0.05786171,0.47640306,False,False,61095.07579494009,,24,False,False,False,False,False,False,False,False,False,False,False,False,False,False,False,False,False,False,False,False,False,z
4,61095.07491592776,lsst,63.86907776511041,-46.589843250800264,170028485725126711,170050481859592242,0,170028485725126711,20061.54,705.49255,0,0,0,364985.62,706.1306,True,2026022300100,164,0.0,5.3423632e-06,6.9539924e-06,-1.1856311e-12,2281.7637,0.09606296,1462.809,0.12540565,False,26885.316,1492.5835,False,False,False,27.598442,,1722.9645,1681,20526.535,1.5179191,63.86907878543997,,-46.58984462872378,,0.9424848,,-7.1933804,,,0,False,,,,,,,,0,False,False,False,344043.12,186.3098,0.1312104,0.21491264,0.0056370976,0.13416478,0.13946395,0.018763956,False,False,False,False,0.2136882,0.49214733,False,False,61095.076520938615,,31,False,False,False,False,False,False,False,False,False,False,False,False,False,False,False,False,False,False,False,False,False,z
4,61095.07578427296,lsst,63.86906779666411,-46.5898218611372,170028485725126711,170050482128027736,0,170028485725126711,21434.688,707.22626,0,0,0,368595.16,710.7667,True,2026022300102,164,0.0,5.282694e-06,5.7310476e-06,-8.6987443e-13,2643.618,0.09485575,2199.7153,0.10351827,False,28878.324,1498.4279,False,False,False,28.95069,,1773.2266,1681,21156.41,4.3622127,63.869067752690476,,-46.58982097418571,,0.79962087,,-45.594593,,,0,False,,,,,,,,0,False,False,False,346222.94,235.31859,0.1698165,0.1876552,0.027787706,0.14056209,0.13651139,0.022096546,False,False,False,False,0.25325683,0.49580172,False,False,61095.07746065727,,29,False,False,False,False,False,False,False,False,False,False,False,False,False,False,False,False,False,False,False,False,False,z
4,61095.07664969984,lsst,63.8690422000624,-46.58985649926418,170028485725126711,170050482384404511,0,170028485725126711,19092.92,713.5816,0,0,0,355425.78,710.4425,True,2026022300104,141,0.0,6.327832e-06,5.769225e-06,1.9636354e-12,109.32959,0.114633285,904.31915,0.10306194,False,18453.25,1534.4115,False,False,False,26.341799,,1719.2177,1681,19233.357,2.0847323,63.86903362398369,,-46.58985791938639,,0.7804189,,-103.94405,,,0,False,,,,,,,,0,False,False,False,335960.4,241.98819,0.18888627,0.13304174,0.001219791,0.14763913,0.12319576,0.01766503,False,False,False,False,0.11353867,0.47429183,False,False,61095.07833835247,,22,False,False,False,False,False,False,False,False,False,False,False,False,False,False,False,False,False,False,False,False,False,z
4,61095.077516751306,lsst,63.86906923106213,-46.58983972933679,170028485725126711,170050482648121449,0,170028485725126711,21964.713,718.1605,0,0,0,352145.75,718.7649,True,2026022300106,132,0.0,5.3146596e-06,5.245689e-06,2.867735e-13,1938.0414,0.095908,2921.435,0.09434406,False,26314.291,1554.4048,False,False,False,30.285923,,1684.1528,1681,20311.61,0.17042784,63.86906977075583,,-46.5898394311034,,0.41173935,,-159.79192,,,0,False,,,,,,,,0,False,False,False,329178.78,225.04202,0.12964678,0.13132818,-0.0072499895,0.13236518,0.11869535,0.011251364,False,False,False,False,0.004890697,0.49282438,False,False,61095.079201303204,,19,False,False,False,False,False,False,False,False,False,False,False,False,False,False,False,False,False,False,False,False,False,z
4,61095.07837623196,lsst,63.869061534162206,-46.589836577269686,170028485725126711,170050482910789661,0,170028485725126711,20816.822,721.4267,0,0,0,354850.22,722.1594,True,2026022300108,121,0.0,5.5692544e-06,4.935504e-06,4.6032453e-12,2044.4192,0.10416058,812.7729,0.08450707,False,26396.68,1562.139,False,False,False,27.717037,,1744.9166,1681,20696.377,4.3604627,63.869057547877915,,-46.58983938548917,,0.7988025,,-103.832214,,,0,False,,,,,,,,0,False,False,False,333219.1,204.5214,0.1783446,0.12547654,0.0133215,0.13965096,0.12491467,0.017203175,False,False,False,False,0.0703922,0.47254652,False,False,61095.08001094279,,22,False,False,False,False,False,False,False,False,False,False,False,False,False,False,False,False,False,False,False,False,False,z
4,61095.079249224,lsst,63.869054109430316,-46.58983254778023,170028485725126711,170050483184992367,0,170028485725126711,21448.523,704.33923,0,0,0,348751.56,712.2803,True,2026022300110,132,0.0,4.5257775e-06,4.6825494e-06,-1.7782121e-12,4048.3164,0.07908893,2538.712,0.08662703,False,20120.938,1547.7115,False,False,False,29.47145,,1742.2042,1681,20344.385,0.71073675,63.869053125249025,,-46.58983279301892,,0.4896698,,-47.827866,,,0,False,,,,,,,,0,False,False,False,326393.53,219.2928,0.12740041,0.14576247,0.0049769823,0.12328463,0.13120237,0.026277011,False,False,False,False,0.017008664,0.47412938,False,False,61095.08095770504,,20,False,False,False,False,False,False,False,False,False,False,False,False,False,False,False,False,False,False,False,False,False,z
4,61095.08018282523,lsst,63.86907504754194,-46.5898442823293,170028485725126711,170050483424067641,0,170028485725126711,25072.951,676.64435,0,0,0,337416.56,676.6275,True,2026022300112,76,0.0,4.407639e-06,4.4955905e-06,9.170519e-13,3392.739,0.0822405,1691.222,0.078106344,False,48037.17,1504.524,False,False,False,35.417374,,2258.2737,1681,25026.393,0.3850625,63.86907823777365,,-46.58984239163216,,0.7836222,,-153.24266,,,0,False,,,,,,,,0,False,False,False,310669.6,190.69164,0.17927495,0.124031566,-0.0064919065,0.10589268,0.13226627,0.008381872,False,False,False,False,0.19998154,0.5088047,False,False,61095.08181552327,,40,False,False,False,False,False,False,False,False,False,False,False,False,False,False,False,False,False,False,False,False,False,z
2,61095.08420033372,lsst,63.86903098720265,-46.589856864631656,170028485725126711,170050484257161371,0,170028485725126711,21289.66,406.33347,0,0,0,221033.73,397.8981,True,2026022300118,129,0.0,3.4180346e-06,3.3624945e-06,1.0370584e-12,1514.9685,0.063789785,3694.6902,0.05817829,False,27484.674,776.0944,False,False,False,51.35276,,1972.7257,1681,21202.355,0.44774818,63.869031377702285,,-46.58985811415648,,0.8245834,,-94.59083,,,0,False,,,,,,,,0,False,False,False,198374.45,137.2423,0.17697881,0.15677892,0.029772451,0.14198707,0.13445961,0.010287686,False,False,False,False,0.13810407,0.50094366,False,False,61095.08587113999,,28,False,False,False,False,False,False,False,False,False,False,False,False,False,False,False,False,False,False,False,False,False,r
2,61095.08506862672,lsst,63.86904313539176,-46.58983276811938,170028485725126711,170050484524548275,0,170028485725126711,21175.41,418.2316,1,0,0,236979.0,409.26663,True,2026022300120,127,0.0,3.0809356e-06,3.075267e-06,-4.37164e-13,3972.6155,0.054091964,3454.1548,0.056648213,True,10750.078,769.68524,True,False,False,49.787395,,2457.9539,1681,,,,,,,,,,,,0,False,,,,,,,,0,True,False,False,215060.95,147.33098,0.14030369,0.13928847,0.03096069,0.159079,0.16647217,0.027174622,True,False,False,False,,0.48936257,False,False,61095.0868332057,,93,False,False,False,False,False,False,False,False,False,False,False,False,False,False,False,False,False,False,False,False,False,r
2,61095.08593765129,lsst,63.869068439227576,-46.58983496832562,170028485725126711,170050484792983588,0,170028485725126711,22856.816,411.05765,1,0,0,232653.45,404.4125,True,2026022300122,127,0.0,3.163884e-06,3.0826673e-06,-1.0453777e-12,3485.297,0.05301368,793.3424,0.059209812,True,15117.047,770.42236,True,False,False,55.2509,,2573.169,1681,,,,,,,,,,,,0,False,,,,,,,,0,True,False,False,208725.94,147.87523,0.14016266,0.16210337,0.029532468,0.14624952,0.17813472,0.025831569,True,False,False,False,,0.49077356,False,False,61095.08764467196,,86,False,False,False,False,False,False,False,False,False,False,False,False,False,False,False,False,False,False,False,False,False,r
2,61095.08679945836,lsst,63.869048676452664,-46.58985544416483,170028485725126711,170050485061419094,0,170028485725126711,23062.037,413.4168,0,0,0,233100.56,405.82568,True,2026022300124,127,0.0,3.4436227e-06,3.275703e-06,-1.1596983e-12,1785.4772,0.056923497,1685.69,0.06382517,False,28983.277,771.39777,False,False,False,54.20825,,2129.7507,1681,23163.977,2.4692326,63.8690482085566,,-46.58985534528644,,0.79768854,,-90.61049,,,0,False,,,,,,,,0,False,False,False,208742.9,129.34908,0.19118926,0.21494201,0.026139716,0.14904961,0.17563307,0.013936267,False,False,False,False,0.22526714,0.52356726,False,False,61095.08856532621,,62,False,False,False,False,False,False,False,False,False,False,False,False,False,False,False,False,False,False,False,False,False,r
2,61095.08786063944,lsst,63.86900405606084,-46.58982468304761,170028485725126711,170050485352923159,0,170028485725126711,23260.91,424.8157,0,0,0,231689.67,417.22537,True,2026022300126,171,0.0,1.586976e-06,9.011842e-07,5.17001e-13,2271.7832,0.029361885,421.03214,0.014717392,False,21102.152,790.351,False,False,False,55.345657,,2291.5437,1681,24124.385,3.9724183,63.86904234409516,,-46.58983968799958,,0.82483256,,-90.15673,,,0,False,167584.8,1363.7688,0.0,2727.5376,0.016436234,130.01303,30243.29,3441,False,False,False,207285.81,149.349,0.1878923,0.13371375,0.016244993,0.15432216,0.1492643,0.017233243,False,False,False,False,0.0132835135,0.5074756,True,True,61095.08950134083,,40,False,False,False,False,False,False,False,False,False,False,False,False,False,False,False,False,False,False,False,False,False,r
2,61095.08873411984,lsst,63.86900995807786,-46.589824228970976,170028485725126711,170050485599862901,0,170028485725126711,20432.4,419.1171,0,0,0,235706.47,409.61746,True,2026022300128,130,0.0,1.7038534e-06,1.830833e-06,-2.122595e-13,1922.561,0.030215437,3253.8062,0.03337052,False,23134.365,773.2267,False,False,False,50.0976,,2396.904,1681,20930.373,1.2488447,63.869071151635715,,-46.5898363910564,,0.7677449,,-36.11332,,,0,False,161328.94,1312.4545,0.0,2624.909,0.019153886,110.17821,28809.357,2349,False,False,False,214274.47,121.08736,0.174989,0.2211938,0.0129571,0.13454363,0.18620297,0.013394593,False,False,False,False,0.19889157,0.5163775,True,True,61095.090470504445,,34,False,False,False,False,False,False,False,False,False,False,False,False,False,False,False,False,False,False,False,False,False,r
2,61095.089601289816,lsst,63.86900779643439,-46.58982868891982,170028485725126711,170050485869346845,0,170028485725126711,24580.768,407.63712,0,0,0,225021.7,402.74017,True,2026022300130,132,0.0,1.6404274e-06,1.719738e-06,-1.9827513e-13,2979.184,0.028949339,516.7808,0.03151431,False,29597.947,773.70526,False,False,False,62.311295,,2954.8535,1681,24470.064,1.5195621,63.86907077372998,,-46.589828189376846,,0.49578846,,-66.24733,,,0,False,158637.55,1337.3192,0.0,2674.6384,0.022600366,93.780815,33186.15,2610,False,False,False,198492.5,147.00446,0.15975368,0.16447791,0.010375402,0.12617108,0.15316693,0.01152682,False,False,False,False,0.086289406,0.5425699,True,True,61095.091282776375,,36,False,False,False,False,False,False,False,False,False,False,False,False,False,False,False,False,False,False,False,False,False,r
2,61095.09046674038,lsst,63.869004284814146,-46.589824022516005,170028485725126711,170050486137782328,0,170028485725126711,21295.965,424.492,0,0,0,239296.3,415.62952,True,2026022300132,132,0.0,1.6277236e-06,1.7014241e-06,-3.0421458e-13,3010.7485,0.028149921,1339.9216,0.031709205,False,17012.049,774.9885,False,False,False,50.63184,,2266.2485,1681,21543.553,2.5246613,63.8690424504192,,-46.58984322157012,,0.80421686,,-85.86214,,,0,False,169002.31,1273.4401,0.0,2546.8801,0.016928801,131.6203,26415.605,3078,False,False,False,217170.62,122.48284,0.17001563,0.15534523,0.028912162,0.15200467,0.17121513,0.016046539,False,False,False,False,0.00017741582,0.48943907,True,True,61095.09216535519,,39,False,False,False,False,False,False,False,False,False,False,False,False,False,False,False,False,False,False,False,False,False,r
2,61095.091331319316,lsst,63.869021320151916,-46.58985332791318,170028485725126711,170050486405169200,0,170028485725126711,20953.121,416.30698,0,0,0,236915.06,408.49042,True,2026022300134,130,0.0,3.5808876e-06,3.6829126e-06,-1.9332804e-12,2626.4963,0.06029311,1195.6763,0.07007718,False,20944.1,769.04346,False,False,False,49.295387,,1897.7594,1681,21522.2,3.8843222,63.869015117482675,,-46.58985341644618,,0.92509043,,-73.121925,,,0,False,,,,,,,,0,False,False,False,214930.84,140.73755,0.15634476,0.1875252,0.037399005,0.15643863,0.18037468,0.02452232,False,False,False,False,0.001845652,0.49158528,False,False,61095.093046985865,,28,False,False,False,False,False,False,False,False,False,False,False,False,False,False,False,False,False,False,False,False,False,r
2,61095.092200554354,lsst,63.869009932822536,-46.589823880532485,170028485725126711,170050486667837545,0,170028485725126711,18573.576,436.60464,0,0,0,251095.17,423.19144,True,2026022300136,119,0.0,1.548266e-06,1.5449667e-06,-1.0512898e-13,378.78162,0.027246919,2794.127,0.028447064,False,17696.367,782.16956,False,False,False,41.894444,,2013.5228,1681,19800.896,1.9831955,63.86901618935334,,-46.58983805002909,,1.1519917,,-91.29056,,,0,False,177871.48,1206.8479,0.0,2413.6958,0.009114506,140.80797,21641.176,3105,False,False,False,232072.36,147.14532,0.204568,0.201585,0.06546938,0.18730348,0.1957911,0.033740286,False,False,False,False,0.017217193,0.48963267,True,True,61095.0939197823,,56,False,False,False,False,False,False,False,False,False,False,False,False,False,False,False,False,False,False,False,False,False,r
2,61095.09306706571,lsst,63.86905171723419,-46.58983038603409,170028485725126711,170050486913204299,0,170028485725126711,25809.686,435.80655,0,0,0,227512.56,430.68414,True,2026022300138,75,0.0,3.152789e-06,3.0758176e-06,-1.0181464e-12,3810.1313,0.05304998,2013.9426,0.059017938,False,33719.484,821.52246,False,False,False,58.10872,,2550.227,1681,25889.709,2.466708,63.869050966640735,,-46.58982684774034,,0.7401972,,-93.62586,,,0,False,,,,,,,,0,False,False,False,199878.45,160.7519,0.18273687,0.1876953,0.024484864,0.13062052,0.17486419,0.027685296,False,False,False,False,0.1588204,0.5460379,False,False,61095.09482780631,,42,False,False,False,False,False,False,False,False,False,False,False,False,False,False,False,False,False,False,False,False,False,r
2,61095.09306706571,lsst,63.869052117597725,-46.58983046694302,170028485725126711,170050486913204301,0,170028485725126711,25727.465,435.98538,0,0,0,227478.98,430.65097,False,2026022300138,75,,3.1549682e-06,3.0773303e-06,-1.0276611e-12,3810.13,0.053055387,2013.9373,0.05907634,False,33306.97,820.8893,False,False,False,57.913025,,2546.3936,1681,25806.494,2.2746773,63.86905132934896,,-46.58982694103991,,0.74087095,,-93.278625,,,0,False,,,,,,,,0,False,False,False,199957.72,160.85962,0.18144505,0.18700999,0.024511006,0.13062055,0.17486422,0.027685298,False,False,False,False,0.15005183,0.54229325,False,False,61103.89845355475,,42,False,False,False,False,False,False,False,False,False,False,False,False,False,False,False,False,False,False,False,False,False,r
1,61096.04859253351,lsst,63.86900226641368,-46.58982978330353,170028485725126711,170054922994712681,0,170028485725126711,11254.014,322.44592,0,0,0,123761.92,316.11288,True,2026022400421,173,0.0,1.2365982e-06,1.3041963e-06,8.244061e-14,213.5675,0.022009347,3226.4602,0.023722028,False,20530.686,666.70886,False,False,False,44.959805,,3442.4722,1681,14989.548,4.186233,63.869165990478216,,-46.5898576158486,,0.8024074,,-12.873238,,,0,False,95661.46,580.44574,0.0,1160.8915,0.04705234,102.25138,6354.0225,5040,False,False,False,111502.56,123.50093,0.21290936,0.23338202,0.026990505,0.14211614,0.14768015,0.007235308,False,False,False,False,0.6524645,0.5184719,True,True,61096.05023684734,,73,False,False,False,False,False,False,False,False,False,False,False,False,False,False,False,False,False,False,False,False,False,g
1,61096.059288885925,lsst,63.86909403667024,-46.58985028312881,170028485725126711,170054923913789580,0,170028485725126711,12106.207,314.69345,0,0,0,117057.57,298.81235,True,2026022400428,134,0.0,4.836909e-06,4.423158e-06,1.0807304e-12,3509.7283,0.0875472,3658.6501,0.07906224,False,19168.338,654.52216,False,False,False,36.62691,,2226.933,1681,12615.134,1.3319486,63.86910695140456,,-46.58985549626381,,0.9631431,,-61.8988,,,0,False,,,,,,,,0,False,False,False,104107.22,147.35468,0.19882703,0.19270349,0.04353757,0.14583224,0.12830506,0.013715944,False,False,False,False,0.46648765,0.5080597,False,False,61096.060861363345,,36,False,False,False,False,False,False,False,False,False,False,False,False,False,False,False,False,False,False,False,False,False,g
4,61096.08036463626,lsst,63.869034013235805,-46.589873184839625,170028485725126711,170054929836146697,0,170028485725126711,32973.004,662.8255,0,0,0,320234.44,673.4487,True,2026022400472,166,0.0,2.96443e-06,3.4333134e-06,3.97024e-15,4018.0657,0.053388935,137.34218,0.06190656,False,70213.04,1534.735,False,False,False,48.05148,,3577.4326,1681,31558.445,29.924158,63.86902940520254,,-46.58988114866541,,0.52959925,,-95.62901,,,0,False,,,,,,,,0,False,False,False,284364.16,204.2076,0.17319676,0.14929874,-0.0025150897,0.092928104,0.11797642,0.0072260005,False,False,False,False,0.52275515,0.5951426,False,False,61096.082088522075,,95,False,False,False,False,False,False,False,False,False,False,False,False,False,False,False,False,False,False,False,False,False,z
4,61096.082962121916,lsst,63.86905282337653,-46.589836783480344,170028485725126711,170054930623103106,0,170028485725126711,28762.344,647.9898,0,0,0,302418.78,661.141,True,2026022400478,131,0.0,2.9075563e-06,3.900994e-06,-2.3252038e-12,3773.9937,0.05003984,2178.0466,0.07187974,False,85622.83,1551.584,False,False,False,41.10399,,5019.657,1681,49713.62,,63.86890688673961,,-46.589891349170415,,6.475487,,-131.73022,,,0,False,,,,,,,,0,False,False,False,270620.44,241.86043,6.5336037,3.6974924,-1.6348627,0.07937984,0.108765356,0.010092231,False,False,False,False,1.0,0.6508008,False,False,61096.084760927275,,95,False,False,False,False,False,False,False,False,False,False,False,False,False,False,False,False,False,False,False,False,False,z
4,61096.08661091307,lsst,63.86903662670215,-46.589848359286385,170028485725126711,170054931715194931,0,170028485725126711,28375.096,671.00696,0,0,0,323140.94,677.6995,True,2026022400486,166,0.0,3.9848665e-06,3.7356817e-06,-2.1654969e-13,533.69135,0.071844086,905.6253,0.06731507,False,68696.13,1562.6719,False,False,False,38.497326,,3232.471,1681,28685.912,16.484287,63.86901585397025,,-46.589852026406575,,0.83458376,,-98.2454,,,0,False,,,,,,,,0,False,False,False,292635.3,222.20709,0.230801,0.17490636,-0.014905417,0.116612785,0.09954067,0.01735448,False,False,False,False,0.8755304,0.55196095,False,False,61096.08821519149,,52,False,False,False,False,False,False,False,False,False,False,False,False,False,False,False,False,False,False,False,False,False,z
4,61096.09007711276,lsst,63.86903626169538,-46.589853660097965,170028485725126711,170054932771635209,0,170028485725126711,26341.484,703.23065,0,0,0,342863.28,706.4372,True,2026022400494,133,0.0,3.941118e-06,4.27968e-06,-1.0386551e-12,2256.1973,0.07016171,240.89038,0.077794775,False,42951.938,1562.9077,False,False,False,35.85016,,2050.0898,1681,24763.385,6.6338477,63.869029634114426,,-46.58985549824544,,0.51005715,,-79.978676,,,0,False,,,,,,,,0,False,False,False,315180.16,241.50742,0.15239273,0.13980237,0.009430073,0.1116382,0.1310453,0.01463745,False,False,False,False,0.118695766,0.50780153,False,False,61096.09185608683,,38,False,False,False,False,False,False,False,False,False,False,False,False,False,False,False,False,False,False,False,False,False,z
2,61096.10215909929,lsst,63.86903952042419,-46.58985625230415,170028485725126711,170054936002297915,0,170028485725126711,24001.098,450.00818,0,0,0,260172.7,441.92307,True,2026022400518,151,0.0,3.822055e-06,3.8157386e-06,-5.758021e-14,670.8035,0.068878666,1385.758,0.06861565,False,27495.924,823.0528,False,False,False,52.04498,,1816.1344,1681,24231.578,0.70584834,63.869039246772914,,-46.58985523269505,,0.50336826,,-34.792007,,,0,False,,,,,,,,0,False,False,False,235447.2,110.50564,0.2437101,0.22478707,0.005307659,0.22934833,0.19942799,0.016398812,False,False,False,False,0.044963025,0.53570366,False,False,61096.10382274457,,36,False,False,False,False,False,False,False,False,False,False,False,False,False,False,False,False,False,False,False,False,False,r
2,61096.10302868289,lsst,63.86904750391784,-46.58980806822855,170028485725126711,170054936283316235,0,170028485725126711,29184.42,461.92,1,0,0,255605.7,453.80923,True,2026022400520,175,0.0,2.968962e-06,3.078583e-06,8.795177e-13,2096.4272,0.05155767,253.79588,0.057233848,True,28563.064,849.8401,True,False,False,62.70228,,2010.2865,1681,,,,,,,,,,,,0,False,,,,,,,,0,True,False,False,225566.88,99.831085,0.17400655,0.19838546,0.017216085,0.20098594,0.19668953,0.018329713,True,False,False,False,,0.50261027,False,False,61096.104768400604,,31,False,False,False,False,False,False,False,False,False,False,False,False,False,False,False,False,False,False,False,False,False,r
2,61096.107508516216,lsst,63.86905945049172,-46.58984124536553,170028485725126711,170054937627590745,0,170028485725126711,24020.838,533.87726,0,0,0,288940.34,521.39307,True,2026022400530,179,0.0,4.327901e-06,4.1834637e-06,-1.5806827e-12,1981.8821,0.08015682,3440.0264,0.07313797,False,22032.887,910.9829,False,False,False,43.724052,,1850.9075,1681,24179.283,3.4106119,63.86905365460887,,-46.58984393002281,,0.9198025,,-79.17099,,,0,False,,,,,,,,0,False,False,False,264671.7,177.32909,0.2993752,0.24800478,-0.028184824,0.29586247,0.22076082,-0.007228344,False,False,False,False,0.022699974,0.5116728,False,False,61096.10912882593,,29,False,False,False,False,False,False,False,False,False,False,False,False,False,False,False,False,False,False,False,False,False,r
2,61096.112706150794,lsst,63.86905219241828,-46.589851781672074,170028485725126711,170054939230339150,0,170028485725126711,26687.887,477.39584,0,0,0,264501.22,473.0122,True,2026022400542,164,0.0,4.200696e-06,3.379808e-06,1.0299566e-13,3293.7273,0.07559742,2369.6228,0.060888145,False,31051.02,861.68146,False,False,False,54.62594,,1956.2648,1681,27535.943,3.4547884,63.86905489760584,,-46.589851347728306,,0.88854027,,-82.755714,,,0,False,,,,,,,,0,False,False,False,237103.55,92.14198,0.2559053,0.1868379,0.010259435,0.23557164,0.18878771,0.013135421,False,False,False,False,0.009912455,0.6638368,False,False,61096.1143501316,,40,False,False,False,False,False,False,False,False,False,False,False,False,False,False,False,False,False,False,False,False,False,r
2,61096.11461748299,lsst,63.86899753920161,-46.58981864853315,170028485725126711,170054939774550035,0,170028485725126711,24818.143,496.89792,0,0,0,275107.56,486.55594,True,2026022400546,178,0.0,1.6947932e-06,1.6163351e-06,-3.1123398e-13,873.0707,0.031591445,450.64368,0.027971718,False,22044.97,880.3935,False,False,False,49.723637,,2028.9905,1681,25790.48,1.1300569,63.869030337353536,,-46.58984445963617,,0.77615017,,-48.813683,,,0,False,200443.44,1290.0629,0.0,2580.1257,0.016619006,136.88809,21400.625,4884,False,False,False,250049.72,142.95688,0.26684648,0.21518485,0.006918615,0.2644706,0.21039018,0.010000028,False,False,False,False,0.0013554064,0.55795586,True,True,61096.11620255644,,46,False,False,False,False,False,False,False,False,False,False,False,False,False,False,False,False,False,False,False,False,False,r
2,61096.11808407439,lsst,63.86906527427057,-46.58983928419215,170028485725126711,170054940844621825,0,170028485725126711,28185.605,466.01334,1,0,0,261064.36,458.2257,True,2026022400554,171,0.0,3.4468956e-06,3.236699e-06,-2.5443216e-13,2322.1228,0.06213129,51.868214,0.058168028,True,24715.336,851.0037,True,False,False,60.05392,,2265.1765,1681,,,,,,,,,,,,0,False,,,,,,,,0,True,False,False,232450.73,106.41611,0.22483562,0.2168798,-0.015339034,0.23094982,0.20316705,-0.00045145472,True,False,False,False,,0.5402332,False,False,61096.11977490471,,64,False,True,False,False,False,False,False,True,False,False,False,False,False,False,False,False,False,False,False,False,False,r
2,61096.12077025615,lsst,63.86906493957236,-46.58985697812641,170028485725126711,170054941625286695,0,170028485725126711,25843.678,486.7715,1,0,0,267973.1,474.6097,True,2026022400560,124,0.0,3.6290228e-06,3.7910127e-06,-1.3526542e-12,445.0298,0.06322331,1012.4633,0.070360795,True,17166.252,873.73505,True,False,False,52.861336,,2255.7283,1681,,,,,,,,,,,,0,False,,,,,,,,0,True,False,False,242305.98,137.89859,0.20568162,0.23792443,0.012284199,0.21029067,0.26582956,0.022755263,True,False,False,False,,0.50293654,False,False,61096.12250266186,,76,False,False,False,False,False,False,False,False,False,False,False,False,False,False,False,False,False,False,False,False,False,r
3,61097.12747807335,lsst,63.86903804472269,-46.58984809981191,170028485725126711,170059270712197177,0,170028485725126711,23826.955,1350.2222,0,0,0,360002.56,1380.8524,True,2026022500046,178,0.0,1.0901137e-05,1.2152823e-05,3.9726042e-11,1879.5283,0.17178164,3107.9907,0.23913023,False,27160.889,2946.0127,False,False,False,17.226309,,1783.0046,1681,24157.676,41.703857,63.8690304768904,,-46.5898540243482,,1.2302538,,26.731844,,,0,False,,,,,,,,0,False,False,False,335672.0,85.21419,0.13372865,0.27999502,0.021657944,0.18673171,0.18000929,0.012995507,False,False,False,False,0.072697155,0.54937834,False,False,61097.12917563856,,22,False,False,False,False,False,False,False,False,False,False,False,False,False,False,False,False,False,False,False,False,False,i
3,61097.129217618494,lsst,63.86902474677403,-46.589816331236314,170028485725126711,170059271246446690,0,170028485725126711,24556.508,1730.8156,0,0,0,368605.84,1770.3129,True,2026022500050,173,0.0,1.4768988e-05,1.5603082e-05,1.4022171e-11,3105.0273,0.26199517,2388.8257,0.28476456,False,34979.16,3981.687,False,False,False,14.056726,,1591.6364,1681,23871.277,3.027735,63.86901870951987,,-46.589814059136934,,0.8599912,,12.073326,,,0,False,,,,,,,,0,False,False,False,343361.7,136.99222,0.18820867,0.24989066,0.013287567,0.18681678,0.17413904,-0.0069649382,False,False,False,False,0.18642418,0.90272856,False,False,61097.130891686735,,21,False,False,False,False,False,False,False,False,False,False,False,False,False,False,False,False,False,False,False,False,False,i
3,61097.12965314584,lsst,63.8690257641089,-46.58986574651602,170028485725126711,170059271364935720,0,170028485725126711,20382.104,2050.212,0,0,0,379326.06,2132.4219,True,2026022500051,143,0.0,1.853967e-05,1.3987009e-05,-6.584197e-11,3712.1873,0.34553877,1879.5823,0.23520641,False,5474.1245,4453.964,False,False,False,9.778241,,1757.7262,1681,19424.152,221.7078,63.86904023592863,,-46.589851612807735,,0.91595584,,-63.858624,,,0,False,,,,,,,,0,False,False,False,359199.8,50.72265,0.14886865,0.06450737,0.0078800395,0.22565725,0.20701557,-0.018405834,False,False,False,False,0.75080127,0.518847,False,False,61097.13139606973,,20,False,False,False,False,False,False,False,False,False,False,False,False,False,False,False,False,False,False,False,False,False,i
4,61098.06454947164,lsst,63.869038479537075,-46.58984986537938,170028485725126711,170063678370480158,0,170028485725126711,27434.287,705.33673,0,0,0,365836.8,709.53613,True,2026022600118,79,0.0,4.299005e-06,4.3908562e-06,2.7326277e-12,4019.8982,0.08385121,908.79785,0.07228965,False,37986.746,1503.3834,False,False,False,38.343056,,1967.6136,1681,26367.416,3.1615927,63.869039006119905,,-46.58984955444835,,0.7264852,,-146.40509,,,0,False,,,,,,,,0,False,False,False,337022.53,219.66452,0.1596723,0.112630084,-0.0060142325,0.12734987,0.12967776,0.004692816,False,False,False,False,0.011301504,0.50603014,False,False,61098.066189018355,,29,False,False,False,False,False,False,False,False,False,False,False,False,False,False,False,False,False,False,False,False,False,z
2,61098.0866784894,lsst,63.86899796317866,-46.58982381435511,170028485725126711,170063684592205831,0,170028485725126711,22894.697,529.44727,0,0,0,292185.6,530.74567,True,2026022600164,170,0.0,1.881253e-06,1.9157612e-06,3.6553233e-14,4010.4062,0.033825457,200.3647,0.034597374,False,19866.238,922.9395,False,False,False,45.26736,,2248.6555,1681,23967.48,5.851523,63.869044310897735,,-46.589870584816715,,0.8868967,,-86.00203,,,0,False,197896.47,1430.0815,0.0,2860.163,0.026610827,153.03195,22797.828,3393,False,False,False,268863.3,81.09402,0.25200585,0.18581852,-0.013959106,0.22042678,0.23669428,0.003419278,False,False,False,False,0.01015327,0.53285617,True,True,61098.08825159134,,44,False,False,False,False,False,False,False,False,False,False,False,False,False,False,False,False,False,False,False,False,False,r
2,61098.08927933014,lsst,63.869029917264605,-46.589832418289724,170028485725126711,170063685395939364,0,170028485725126711,24256.305,537.8786,0,0,0,306747.75,538.55365,True,2026022600170,167,0.0,5.7428047e-06,5.752767e-06,-3.2489317e-14,2529.3538,0.10337652,1067.6517,0.10370406,False,27342.404,912.9161,False,False,False,44.847824,,1805.4054,1681,23788.818,3.5368533,63.86903429513023,,-46.58982912441581,,0.69966215,,-142.18121,,,0,False,,,,,,,,0,False,False,False,281784.75,83.13438,0.3083083,0.31559137,-0.02090529,0.26020935,0.26191,0.011612569,False,False,False,False,0.21994692,0.62934077,False,False,61098.09090386813,,32,False,False,False,False,False,False,False,False,False,False,False,False,False,False,False,False,False,False,False,False,False,r
2,61098.09652848007,lsst,63.869067492424364,-46.589842816339655,170028485725126711,170063687546044490,0,170028485725126711,23438.371,529.91254,0,0,0,298461.6,536.1765,True,2026022600186,172,0.0,5.2664914e-06,5.54566e-06,2.3843317e-12,203.89648,0.09250646,2861.7754,0.10202351,False,27307.523,912.55554,False,False,False,43.903847,,1820.7072,1681,22875.068,0.41303504,63.8690670194303,,-46.58984184161351,,0.9506275,,-129.61133,,,0,False,,,,,,,,0,False,False,False,274089.1,69.36527,0.24576332,0.3055297,-0.027967775,0.23747052,0.23598544,-0.001322585,False,False,False,False,0.1479153,0.5819761,False,False,61098.098138486486,,39,False,False,False,False,False,False,False,False,False,False,False,False,False,False,False,False,False,False,False,False,False,r
2,61098.09739582523,lsst,63.868997659766734,-46.58985512085219,170028485725126711,170063687817101365,0,170028485725126711,21011.258,541.4595,0,0,0,300264.16,545.2797,True,2026022600188,177,0.0,5.651089e-06,6.5281083e-06,5.3320607e-12,700.6613,0.098173335,1558.3572,0.12078063,False,22710.936,928.2463,False,False,False,38.439846,,1725.7737,1681,20696.906,2.9132288,63.86899608616329,,-46.58985743406101,,0.9919251,,-133.3192,,,0,False,,,,,,,,0,False,False,False,278585.44,81.846535,0.23526202,0.2953266,-0.033596557,0.22802286,0.25968397,0.0020093957,False,False,False,False,0.04615168,0.50534874,False,False,61098.098978343405,,30,False,False,False,False,False,False,False,False,False,False,False,False,False,False,False,False,False,False,False,False,False,r
2,61098.099140959406,lsst,63.86903950492437,-46.5898311192249,170028485725126711,170063688348729412,0,170028485725126711,22889.47,520.22,0,0,0,281371.06,518.44836,True,2026022600192,167,0.0,5.2292116e-06,5.2560345e-06,2.7194362e-14,1793.6228,0.09414387,2372.5122,0.09477287,False,26823.043,926.2177,False,False,False,43.38445,,1790.799,1681,22792.697,1.6171646,63.86903709586332,,-46.589831372705355,,0.94611394,,-128.25623,,,0,False,,,,,,,,0,False,False,False,257855.61,102.35425,0.27175018,0.28286687,-0.04010518,0.21081753,0.22719489,-0.004234096,False,False,False,False,0.3221095,0.57372564,False,False,61098.10071121786,,30,False,False,False,False,False,False,False,False,False,False,False,False,False,False,False,False,False,False,False,False,False,r
2,61098.10183018125,lsst,63.86901024578538,-46.589830171982896,170028485725126711,170063689154035775,0,170028485725126711,20298.043,536.7999,0,0,0,295964.44,541.31683,True,2026022600198,167,0.0,5.9266413e-06,6.454098e-06,1.2335554e-12,1009.609,0.10635346,2501.5925,0.11668767,False,21866.938,934.5765,False,False,False,37.34623,,1725.0591,1681,19518.219,0.052271865,63.869011906207156,,-46.589829062910184,,0.7059659,,-22.61441,,,0,False,,,,,,,,0,False,False,False,275160.6,82.101524,0.25235936,0.26978108,0.019975217,0.22865292,0.2456826,-0.0025379504,False,False,False,False,0.05855268,0.5069693,False,False,61098.10341406826,,28,False,False,False,False,False,False,False,False,False,False,False,False,False,False,False,False,False,False,False,False,False,r
2,61098.10443691962,lsst,63.86903380530368,-46.589835453828535,170028485725126711,170063689958817806,0,170028485725126711,23393.615,570.97,0,0,0,324807.06,576.03467,True,2026022600204,166,0.0,6.0988436e-06,6.037351e-06,4.4981454e-14,2869.8374,0.10980457,459.05643,0.10883206,False,24925.59,933.0789,False,False,False,40.96847,,1754.8424,1681,22754.65,3.1549656,63.86903422507149,,-46.589833815772124,,0.7304595,,-141.95578,,,0,False,,,,,,,,0,False,False,False,300563.7,47.28849,0.29081953,0.29088822,-0.023285994,0.27868888,0.27767032,0.010670805,False,False,False,False,0.014356971,0.64258444,False,False,61098.10611283236,,44,False,False,False,False,False,False,False,False,False,False,False,False,False,False,False,False,False,False,False,False,False,r
2,61100.07841357533,lsst,63.8690466833508,-46.589853019135084,170028485725126711,170072470704881671,0,170028485725126711,32759.451,552.5811,1,0,0,261651.66,539.4057,True,2026022800090,78,0.0,3.377437e-06,3.076217e-06,-3.9257343e-12,1414.5676,0.045609467,244.94376,0.06851779,True,30834.025,1070.4912,True,False,False,58.343315,,1862.5613,1681,,,,,,,,,,,,0,False,,,,,,,,0,True,False,False,228406.81,185.11742,0.15192294,0.22834252,0.008019619,0.14571266,0.2333596,-0.0020875111,True,False,False,False,,0.588987,False,False,61100.0799144083,,27,False,False,False,False,False,False,False,False,False,False,False,False,False,False,False,False,False,False,False,False,False,r
2,61102.11720370654,lsst,63.86900196821824,-46.58985046573633,170028485725126711,170081276776153099,0,170028485725126711,27238.92,768.21985,0,0,0,346267.3,786.9274,True,2026030200164,166,0.0,7.768484e-06,6.7280534e-06,1.8118493e-12,2496.3413,0.14010447,446.32266,0.120997734,False,25197.531,1350.7457,False,False,False,35.2161,,1735.9802,1681,26686.166,2.7992566,63.86900063457944,,-46.58985004811999,,0.76443666,,-82.35432,,,0,False,,,,,,,,0,False,False,False,318671.44,33.779316,0.33413303,0.28963286,0.012514826,0.35022756,0.30933386,0.013657627,False,False,False,False,0.024030438,0.7605376,False,False,61102.11885540257,,31,False,False,False,False,False,False,False,False,False,False,False,False,False,False,False,False,False,False,False,False,False,r
3,61105.093643486834,lsst,63.86907053791066,-46.58983411146293,170028485725126711,170094456291196964,0,170028485725126711,30863.352,678.5146,0,0,0,410157.03,688.4703,True,2026030500055,176,0.0,4.6629402e-06,4.508221e-06,-4.704902e-12,3373.0913,0.09143683,1796.4946,0.07273758,False,26733.387,1194.6161,False,False,False,44.776825,,1707.5035,1681,30338.24,7.4871936,63.869071289658216,,-46.58983265072865,,0.8015475,,-45.595974,,,0,False,,,,,,,,0,False,False,False,378770.75,38.42706,0.22776732,0.17010514,0.0036544397,0.27422518,0.23102741,0.00473487,False,False,False,False,0.24859513,0.50065523,False,False,61105.095519501236,,27,False,False,False,False,False,False,False,False,False,False,False,False,False,False,False,False,False,False,False,False,False,i
1,61105.11587761537,lsst,63.869046821337655,-46.58984725909495,170028485725126711,170094457494437906,0,170028485725126711,21220.469,649.5531,0,0,0,215352.19,664.4318,True,2026030500064,167,0.0,9.552442e-06,7.922403e-06,-8.007717e-12,3695.8416,0.17381011,1016.1577,0.14034973,False,19192.154,1049.7191,False,False,False,32.43493,,1615.7915,1681,22150.99,10.421684,63.869050761606154,,-46.58984338808044,,1.1973151,,-103.90915,,,0,False,,,,,,,,0,False,False,False,193857.95,39.308167,0.4116826,0.34019497,-0.05528724,0.50250715,0.4044474,-0.05817449,False,False,False,False,0.28223652,0.8864296,False,False,61105.117278250895,,35,False,False,False,False,False,False,False,False,False,False,False,False,False,False,False,False,False,False,False,False,False,g
3,61107.031062919676,lsst,63.869072980510055,-46.5898472500269,170028485725126711,170103252333887935,0,170028485725126711,37130.4,868.9264,0,0,0,706785.5,901.18835,True,2026030700055,80,0.0,9.682983e-06,9.1376205e-06,-8.803169e-12,1640.1578,0.1595869,1405.4069,0.17895873,False,39242.3,1122.3932,False,False,False,42.592438,,1764.0417,1681,39062.254,0.35167903,63.86907592821061,,-46.58984983298133,,1.544638,,-78.27,,,0,False,,,,,,,,0,False,False,False,666120.56,15.570453,0.64760137,0.82116824,0.06424792,0.6048987,0.6243196,0.048397806,False,False,False,False,0.4424781,0.81748956,False,False,61107.0348963642,,141,False,False,False,False,False,False,False,False,False,False,False,False,False,False,True,True,False,False,False,False,False,i
